filename, apple, avocado, capsicum, mango, orange, rockmelon, strawberry
017_png_jpg.rf.5034925e62f0050f4eaa58e0d15aa8de.jpg,0,0,0,0,0,0,1
017_png_jpg.rf.5b2d1629019324de8b354488ed1945ad.jpg,0,0,0,0,0,0,1
017_png_jpg.rf.d103168de039d3cbf4b954fc2358a398.jpg,0,0,0,0,0,0,1
100_1935_png_jpg.rf.57dd4f995f7a2d8f4f18aa8b1d9ea78c.jpg,0,0,0,0,0,0,1
100_1935_png_jpg.rf.65e891ffbe139a706e3a0a14baddd373.jpg,0,0,0,0,0,0,1
100_1935_png_jpg.rf.bf57ff30c18318ebe90237fb67fd9850.jpg,0,0,0,0,0,0,1
1237_png_jpg.rf.2adf7eb763572057ab0a1e4aeacaa46c.jpg,1,0,0,0,0,0,0
1237_png_jpg.rf.95b445e4441b60d5560a392b53f7f160.jpg,1,0,0,0,0,0,0
1237_png_jpg.rf.f294d9fa02ab0ca7be4ff797e8a7c3fb.jpg,1,0,0,0,0,0,0
1_png_jpg.rf.6592d31cadf2bf09fe7e59e4cdcf2383.jpg,1,0,0,0,0,0,0
1_png_jpg.rf.984e7192df71a24d11825c328d384cce.jpg,1,0,0,0,0,0,0
1_png_jpg.rf.e0faaf5611f0c56376c6f789785b147f.jpg,1,0,0,0,0,0,0
2010-12-07-05-26-38_1291641998_png_jpg.rf.65832502346f052a15a0763c8b43e3c5.jpg,1,0,0,0,0,0,0
2010-12-07-05-26-38_1291641998_png_jpg.rf.8637d7344db5a2478bec856912f03825.jpg,1,0,0,0,0,0,0
2010-12-07-05-26-38_1291641998_png_jpg.rf.f268d1685a31e305f87a0d0779ec3222.jpg,1,0,0,0,0,0,0
20151102_123746_png_jpg.rf.7c5181c5081c67a57957b3d05047f6e4.jpg,0,0,0,0,0,0,1
20151102_123746_png_jpg.rf.7ccd810e2d3ee7d637dc98cb9fc45b54.jpg,0,0,0,0,0,0,1
20151102_123746_png_jpg.rf.816dcb8104cb304ac7f92d5497ff78f3.jpg,0,0,0,0,0,0,1
20151125T1138_pic000073_png_jpg.rf.16de2d818e65e147c3d99962e70fce00.jpg,0,0,0,0,0,1,0
20151125T1138_pic000073_png_jpg.rf.6ab7091493329bd1de4198f47a93e2a5.jpg,0,0,0,0,0,1,0
20151125T1138_pic000073_png_jpg.rf.7f55a576dcf756eaad4aef7461db0963.jpg,0,0,0,0,0,1,0
20151125T1138_pic000080_png_jpg.rf.b0f8edb29ca6c2552d47e31ca8b5a071.jpg,0,0,0,0,0,1,0
20151125T1138_pic000080_png_jpg.rf.bf16b0957f57184698355474b06f2041.jpg,0,0,0,0,0,1,0
20151125T1138_pic000080_png_jpg.rf.effa914857c758a6271e71ce6e476905.jpg,0,0,0,0,0,1,0
20151125T1138_pic000152_png_jpg.rf.60159917fab23c925b58014777421af6.jpg,0,0,0,0,0,1,0
20151125T1138_pic000152_png_jpg.rf.89249610cbd13a36fa7cdd331f6b0664.jpg,0,0,0,0,0,1,0
20151125T1138_pic000152_png_jpg.rf.9799eb1bd48d957b4cbd97b9e8a9668d.jpg,0,0,0,0,0,1,0
20151125T1138_pic000222_png_jpg.rf.1276191616e5d547251a4e2b7efeecc2.jpg,0,0,0,0,0,1,0
20151125T1138_pic000222_png_jpg.rf.231ad4c873554e3dc0ec12d776effcf1.jpg,0,0,0,0,0,1,0
20151125T1138_pic000222_png_jpg.rf.71ac935ae185c2d4b6ca2f839ded2efe.jpg,0,0,0,0,0,1,0
20151125T1138_pic000346_png_jpg.rf.07e4c46a597cefe8db4afd0f25734cd9.jpg,0,0,0,0,0,1,0
20151125T1138_pic000346_png_jpg.rf.3a19a8517917c09b101ac710f13ad412.jpg,0,0,0,0,0,1,0
20151125T1138_pic000346_png_jpg.rf.9fac419250a7c70e2ff9f2afed052170.jpg,0,0,0,0,0,1,0
20151125T1138_pic000349_png_jpg.rf.24535798fa73a72978432c1d366795ea.jpg,0,0,0,0,0,1,0
20151125T1138_pic000349_png_jpg.rf.563d828d9ff7eb6df1201652c4a86949.jpg,0,0,0,0,0,1,0
20151125T1138_pic000349_png_jpg.rf.8be61aabfbb5bcc8c7dec7492b677026.jpg,0,0,0,0,0,1,0
20151125T1138_pic000415_png_jpg.rf.123c1fb2daa2be274210479edcead259.jpg,0,0,0,0,0,1,0
20151125T1138_pic000415_png_jpg.rf.da63de0be9d687c2c533db7b909637b8.jpg,0,0,0,0,0,1,0
20151125T1138_pic000415_png_jpg.rf.edf3bdd7d69ee9a594b3d92dc56bfd96.jpg,0,0,0,0,0,1,0
20151125T1138_pic000465_png_jpg.rf.56e40686e6edc7e460f07bee9d6c237a.jpg,0,0,0,0,0,1,0
20151125T1138_pic000465_png_jpg.rf.85745f9a9b5035de6aa81f128f4f6592.jpg,0,0,0,0,0,1,0
20151125T1138_pic000465_png_jpg.rf.e4c8e7bafda23002a65e8095ba715c5b.jpg,0,0,0,0,0,1,0
20151125T1138_pic000506_png_jpg.rf.359361b23a66e97db70d788ca5d052b6.jpg,0,0,0,0,0,1,0
20151125T1138_pic000506_png_jpg.rf.ae822a88973f387e42180f67ed9fc1ab.jpg,0,0,0,0,0,1,0
20151125T1138_pic000506_png_jpg.rf.bd93e5e06dddeb5d58fde60de750bc5b.jpg,0,0,0,0,0,1,0
20151125T1138_pic000533_png_jpg.rf.bf7c2813f54e7e43be177b49b9427a11.jpg,0,0,0,0,0,1,0
20151125T1138_pic000533_png_jpg.rf.c0b532de7b8ef1d75a08b969be71e723.jpg,0,0,0,0,0,1,0
20151125T1138_pic000533_png_jpg.rf.d84449bd7e99d0b66f262a67f6450a54.jpg,0,0,0,0,0,1,0
20151125T1138_pic000599_png_jpg.rf.012eed5fdf8dee52dfb6b26135f6036e.jpg,0,0,0,0,0,1,0
20151125T1138_pic000599_png_jpg.rf.11180601ff6ae8d0c044446221ae2d6f.jpg,0,0,0,0,0,1,0
20151125T1138_pic000599_png_jpg.rf.aa3005c8f6b41d9fed2b1b722b4a8f61.jpg,0,0,0,0,0,1,0
20151125T1138_pic000652_png_jpg.rf.9e15927ca3a8f21351e199ab68618809.jpg,0,0,0,0,0,1,0
20151125T1138_pic000652_png_jpg.rf.c98e6584d81c3c0f8c7d19c746d15012.jpg,0,0,0,0,0,1,0
20151125T1138_pic000699_png_jpg.rf.5c35d419c2580b0b9325504c0e0606c0.jpg,0,0,0,0,0,1,0
20151125T1138_pic000699_png_jpg.rf.70a41a55e9849ce06ac247acc0306448.jpg,0,0,0,0,0,1,0
20151125T1138_pic000699_png_jpg.rf.ce4e74d0b3385361e1cd9392bcfd541a.jpg,0,0,0,0,0,1,0
20151125T1138_pic000728_png_jpg.rf.24b89be8a7ba0630ac2ed57d15c2b88e.jpg,0,0,0,0,0,1,0
20151125T1138_pic000728_png_jpg.rf.3f95e317c1fb9451155e9c1bc09b1f84.jpg,0,0,0,0,0,1,0
20151125T1138_pic000728_png_jpg.rf.caf123f4029a4ee5cf02abe8da69c103.jpg,0,0,0,0,0,1,0
20151125T1143_pic000038_png_jpg.rf.595d009da36f5697b29763ccef5ad1c6.jpg,0,0,0,0,0,1,0
20151125T1143_pic000038_png_jpg.rf.6d1f90afad8f24739b89d03db191b93c.jpg,0,0,0,0,0,1,0
20151125T1143_pic000038_png_jpg.rf.bc25ce7b578f88d8da0206e73b5b3a08.jpg,0,0,0,0,0,1,0
20151125T1143_pic000041_png_jpg.rf.01eb9ddfede34101cc3a20dc928f6abc.jpg,0,0,0,0,0,1,0
20151125T1143_pic000041_png_jpg.rf.2366f2a4668332ea98a2e982ae822dc0.jpg,0,0,0,0,0,1,0
20151125T1143_pic000041_png_jpg.rf.91365dc2dceb43fe98156f7f7d5916d1.jpg,0,0,0,0,0,1,0
20151125T1143_pic000075_png_jpg.rf.465c0d2b5ef9e1eace01205db2336039.jpg,0,0,0,0,0,1,0
20151125T1143_pic000075_png_jpg.rf.71695a9a7e099eceec4617322f5c0079.jpg,0,0,0,0,0,1,0
20151125T1143_pic000075_png_jpg.rf.aaa309bfb92f069e44e988ddb910879f.jpg,0,0,0,0,0,1,0
20151125T1143_pic000155_png_jpg.rf.66c66910ae771b6d8aa2152418988c5f.jpg,0,0,0,0,0,1,0
20151125T1143_pic000155_png_jpg.rf.740b4647e481e446269a33ca55c63d92.jpg,0,0,0,0,0,1,0
20151125T1143_pic000155_png_jpg.rf.e64330a221ee4e648e23c91116a6bb84.jpg,0,0,0,0,0,1,0
20151125T1143_pic000219_png_jpg.rf.5947bd356b51b1e8d99e624f4374df94.jpg,0,0,0,0,0,1,0
20151125T1143_pic000219_png_jpg.rf.60b82105cd159a8d5f8d14d1cedbd888.jpg,0,0,0,0,0,1,0
20151125T1143_pic000219_png_jpg.rf.dd0f525c946d31c4317a74c3a407ea48.jpg,0,0,0,0,0,1,0
20151125T1143_pic000221_png_jpg.rf.4dffbddcaa5a56a69e4dc4ae51f75254.jpg,0,0,0,0,0,1,0
20151125T1143_pic000221_png_jpg.rf.99f36ff22724a8e08bf8f83052f75409.jpg,0,0,0,0,0,1,0
20151125T1143_pic000221_png_jpg.rf.f7a8871c4456fe793899a0209c4530a4.jpg,0,0,0,0,0,1,0
20151125T1143_pic000282_png_jpg.rf.0b10466272df27baa85b2d51b04d849e.jpg,0,0,0,0,0,1,0
20151125T1143_pic000282_png_jpg.rf.229d490468179a53dfe5c76fdb851a19.jpg,0,0,0,0,0,1,0
20151125T1143_pic000282_png_jpg.rf.368a664d8c1ebbb3d268d9dbb51b2a87.jpg,0,0,0,0,0,1,0
20151125T1143_pic000292_png_jpg.rf.1a19cc9189f478b81b2da08c2fe4c226.jpg,0,0,0,0,0,1,0
20151125T1143_pic000292_png_jpg.rf.bdceeba1fe71559fd64b196cb9b30d61.jpg,0,0,0,0,0,1,0
20151125T1143_pic000292_png_jpg.rf.cf38ab8c90339903e4ee86829e4a846a.jpg,0,0,0,0,0,1,0
20151125T1143_pic000330_png_jpg.rf.5719b9ae96ce14dd5e91aafa512f3eba.jpg,0,0,0,0,0,1,0
20151125T1143_pic000330_png_jpg.rf.5a02c5fdd875a8df63075697bc8748c3.jpg,0,0,0,0,0,1,0
20151125T1143_pic000330_png_jpg.rf.a5f6234238dbcb04e1712788a16cfdd7.jpg,0,0,0,0,0,1,0
20151125T1143_pic000354_png_jpg.rf.4e7189522274b009a704c92b0660ce5c.jpg,0,0,0,0,0,1,0
20151125T1143_pic000354_png_jpg.rf.a6e1f0cd19af5fd55879d8ddb8af4d40.jpg,0,0,0,0,0,1,0
20151125T1143_pic000354_png_jpg.rf.f8cf660d021ff457de5ddf36671a9168.jpg,0,0,0,0,0,1,0
20151125T1143_pic000379_png_jpg.rf.2264de06e2f599a94d2afc19899b401c.jpg,0,0,0,0,0,1,0
20151125T1143_pic000379_png_jpg.rf.99470b9e053e300bc4495cf5b2ef7e5e.jpg,0,0,0,0,0,1,0
20151125T1143_pic000379_png_jpg.rf.b85ef8c926cd0a12eac3edbdd7d5fda7.jpg,0,0,0,0,0,1,0
20151125T1143_pic000389_png_jpg.rf.1e7fe5b2d03150df68363a6c1fbd45d2.jpg,0,0,0,0,0,1,0
20151125T1143_pic000389_png_jpg.rf.2b872f1d3168a331d98117ce89d08910.jpg,0,0,0,0,0,1,0
20151125T1143_pic000389_png_jpg.rf.48721a840a789f052df5b6be43ebdfc5.jpg,0,0,0,0,0,1,0
20151125T1143_pic000397_png_jpg.rf.23e00faa4fc8767daebd41c73847622b.jpg,0,0,0,0,0,1,0
20151125T1143_pic000397_png_jpg.rf.503b76065234b2de49cac6db320e6887.jpg,0,0,0,0,0,1,0
20151125T1143_pic000397_png_jpg.rf.629b5489163989145809d28f5315c5b9.jpg,0,0,0,0,0,1,0
3007_png_jpg.rf.4c6722771c524836bbdebf2c46788e76.jpg,0,0,0,0,0,0,1
3007_png_jpg.rf.a62c2575d0a5f81d05f1d56fb6d0a364.jpg,0,0,0,0,0,0,1
3007_png_jpg.rf.d9a05755b67a5ba18293a7bfad1f4bbf.jpg,0,0,0,0,0,0,1
45677_png_jpg.rf.1dd3992bc48460e94f3d9fc6d8d176d0.jpg,1,0,0,0,0,0,0
45677_png_jpg.rf.5de5ffe28466b88c1adb059c62052414.jpg,1,0,0,0,0,0,0
45677_png_jpg.rf.92b15d013d2c50514588e215c08ebcc8.jpg,1,0,0,0,0,0,0
47_2_png_jpg.rf.88da3941a7a888ebec04b12a79423fee.jpg,1,0,0,0,0,0,0
47_2_png_jpg.rf.ce22132d4eca021715b8bcfb01f14627.jpg,1,0,0,0,0,0,0
47_2_png_jpg.rf.d65549d38d16a1303008912d20e16374.jpg,1,0,0,0,0,0,0
51117_png_jpg.rf.6db5e8cd144812e793aba9feff43d219.jpg,0,0,0,0,0,0,1
51117_png_jpg.rf.9866d09489626b0c596b70d2d5dfe08f.jpg,0,0,0,0,0,0,1
51117_png_jpg.rf.d61b12f4fc4e1d1879971e7a544bf914.jpg,0,0,0,0,0,0,1
6011852-3x2-940x627_png_jpg.rf.2d0fb1c25373e6493d14465d8b9c428d.jpg,0,0,0,0,0,1,0
6011852-3x2-940x627_png_jpg.rf.33ecbd710ca849020a7e47a31f967df9.jpg,0,0,0,0,0,1,0
6011852-3x2-940x627_png_jpg.rf.cfc79e0fb93e8bea017be2b1b1cf2d83.jpg,0,0,0,0,0,1,0
6104689538_2581252714_b_png_jpg.rf.5e792f801ce00d0e1c28f4cba9b99c77.jpg,1,0,0,0,0,0,0
6104689538_2581252714_b_png_jpg.rf.6528762e5b7e446d71ece25101277e6b.jpg,1,0,0,0,0,0,0
6104689538_2581252714_b_png_jpg.rf.990c33190ccaff872734493bfe42ec3f.jpg,1,0,0,0,0,0,0
6497592197_d4a363c418_b_png_jpg.rf.2a2fe172ff46bf145d9ad7970f95366c.jpg,0,0,0,0,0,0,1
6497592197_d4a363c418_b_png_jpg.rf.58d846ceaceab1ebc5bc6d423649f902.jpg,0,0,0,0,0,0,1
6497592197_d4a363c418_b_png_jpg.rf.5d7348a80eff0cf25198c6bfbac6136c.jpg,0,0,0,0,0,0,1
74477A_png_jpg.rf.16f99f1dc31255b75596042936af098f.jpg,1,0,0,0,0,0,0
74477A_png_jpg.rf.76e3cec09df57c35ae36517c4626493f.jpg,1,0,0,0,0,0,0
74477A_png_jpg.rf.7ccf30f143ae54474fad9db3a75fe213.jpg,1,0,0,0,0,0,0
7807503254_9d54ae414f_z_png_jpg.rf.02b78ea6698439df873d8d52392a37d0.jpg,1,0,0,0,0,0,0
7807503254_9d54ae414f_z_png_jpg.rf.71cae3a0749245d07d10524cf4fd2c97.jpg,1,0,0,0,0,0,0
7807503254_9d54ae414f_z_png_jpg.rf.c8ae2ec9d86e2fe07cffe965c12a0362.jpg,1,0,0,0,0,0,0
860929755-little-switzerland-ripe-condition-apple-tree-apple-fruit_png_jpg.rf.637f584612c5575cf42e357aebd4fc73.jpg,1,0,0,0,0,0,0
860929755-little-switzerland-ripe-condition-apple-tree-apple-fruit_png_jpg.rf.6447bb0bf24ee567def576fb83d4f897.jpg,1,0,0,0,0,0,0
860929755-little-switzerland-ripe-condition-apple-tree-apple-fruit_png_jpg.rf.b1a9cb32b7b0bedc2ead5c6b2b5ad4e3.jpg,1,0,0,0,0,0,0
anna-apple_png_jpg.rf.0e5521e45432892f4631cc979a9a5cfd.jpg,1,0,0,0,0,0,0
anna-apple_png_jpg.rf.5188bf6ff187c865f7f64e3adf0b9107.jpg,1,0,0,0,0,0,0
anna-apple_png_jpg.rf.f0c4956be4acf7e09939da53dbd2cba6.jpg,1,0,0,0,0,0,0
Apple-Anna-Fruit-and-leaves1_png_jpg.rf.9ff5d8c1b939c485d6a2234bb49c7d92.jpg,1,0,0,0,0,0,0
Apple-Anna-Fruit-and-leaves1_png_jpg.rf.b85874921d20dcf639f07902b3184e91.jpg,1,0,0,0,0,0,0
Apple-Anna-Fruit-and-leaves1_png_jpg.rf.f60fbef61f68b7d669d1529a010c4d02.jpg,1,0,0,0,0,0,0
apple-tree-1_png_jpg.rf.566b8b5af8c42dce0f3882b89d8c97b9.jpg,1,0,0,0,0,0,0
apple-tree-1_png_jpg.rf.74b25ad40e75d5058f35d0c94e9ce6a5.jpg,1,0,0,0,0,0,0
apple-tree-1_png_jpg.rf.b5c1e872544102e12243cc58c87f4de4.jpg,1,0,0,0,0,0,0
Apple-tree-Alamy-large_png_jpg.rf.19c29fb095181841583c262ae3b209c5.jpg,1,0,0,0,0,0,0
Apple-tree-Alamy-large_png_jpg.rf.b1ab8a47788e084f44017c6b2eb750b4.jpg,1,0,0,0,0,0,0
Apple-tree-Alamy-large_png_jpg.rf.f87e90ff82f26e647070567e0b1024bb.jpg,1,0,0,0,0,0,0
Apple-Tree-With-Green-Apples_png_jpg.rf.704f04df7d1191f4c613ef7e827c7ced.jpg,1,0,0,0,0,0,0
Apple-Tree-With-Green-Apples_png_jpg.rf.7adfe33e1042dcc88ffcab78b885bfd4.jpg,1,0,0,0,0,0,0
Apple-Tree-With-Green-Apples_png_jpg.rf.90c79910f7b6938896ea582bb575c45d.jpg,1,0,0,0,0,0,0
applelele_png_jpg.rf.4f40fc8ee2340adecb9b43c217fa7e0f.jpg,1,0,0,0,0,0,0
applelele_png_jpg.rf.d028d9e247fdef659bc3ebe5633f93fe.jpg,1,0,0,0,0,0,0
applelele_png_jpg.rf.e8c1b3ae992291792afe67dda52d33a9.jpg,1,0,0,0,0,0,0
apples-on-tree_png_jpg.rf.5e1397ebb56541fa7b1392a312cdc018.jpg,1,0,0,0,0,0,0
apples-on-tree_png_jpg.rf.6006a87bf14067a1baf1ea7302daeeb2.jpg,1,0,0,0,0,0,0
apples-on-tree_png_jpg.rf.e17e9820e042e8aaaf0e90091af03235.jpg,1,0,0,0,0,0,0
apples-photos--big-green-apples-on-tree--close-up-94309_png_jpg.rf.07c16239fd2555e8f56ebcd2fc74a188.jpg,1,0,0,0,0,0,0
apples-photos--big-green-apples-on-tree--close-up-94309_png_jpg.rf.2cc3be947e1220ac04a005bba2f08cca.jpg,1,0,0,0,0,0,0
apples-photos--big-green-apples-on-tree--close-up-94309_png_jpg.rf.e781d04e8903223132890ce746b96ba6.jpg,1,0,0,0,0,0,0
APPLE_png_jpg.rf.83242c4d6826f9ae1645e5ad55095cef.jpg,1,0,0,0,0,0,0
APPLE_png_jpg.rf.8b668e7cacd21eee7e89e5bc7c979988.jpg,1,0,0,0,0,0,0
APPLE_png_jpg.rf.c196974a18a525635444a18818ec6a8c.jpg,1,0,0,0,0,0,0
Apple_tree_Alamy_3400740b_png_jpg.rf.5bade2e2515bd11e7720b66a14c42e1b.jpg,1,0,0,0,0,0,0
Apple_tree_Alamy_3400740b_png_jpg.rf.63081cef7382b1a263756ea4bb5584bc.jpg,1,0,0,0,0,0,0
Apple_tree_Alamy_3400740b_png_jpg.rf.ba91fe95cc09bd826d426762751cecd9.jpg,1,0,0,0,0,0,0
ar130598387413248_png_jpg.rf.2a9e02d9da43d3c0582cde8e03ee39c7.jpg,0,0,0,0,0,0,1
ar130598387413248_png_jpg.rf.38ea039e063ddbda049fcb9dd731cd5e.jpg,0,0,0,0,0,0,1
ar130598387413248_png_jpg.rf.d07fa332c51e44f051562a433d91a125.jpg,0,0,0,0,0,0,1
berry-report2_png_jpg.rf.0334e99f2777c61582bd4c20d8f6c311.jpg,0,0,0,0,0,0,1
berry-report2_png_jpg.rf.05b38e5945fb47cf3078121e0d8e5d3c.jpg,0,0,0,0,0,0,1
berry-report2_png_jpg.rf.30a104ed901d098d119a09c6a5f96b8c.jpg,0,0,0,0,0,0,1
berryfieldB1_png_jpg.rf.3e42708e00ab0e6daad02d75a6a17f94.jpg,0,0,0,0,0,0,1
berryfieldB1_png_jpg.rf.42cef0bafd33e0070d7cac5d0ce390eb.jpg,0,0,0,0,0,0,1
berryfieldB1_png_jpg.rf.8bd0efad1c5c7fd4703ae1f239295924.jpg,0,0,0,0,0,0,1
Dalat_Strawberry_garden_png_jpg.rf.c750e5e3ecd2c5c8aa64c022a1233b12.jpg,0,0,0,0,0,0,1
Dalat_Strawberry_garden_png_jpg.rf.ec3f998912b98dcf2130849969c41e78.jpg,0,0,0,0,0,0,1
Dalat_Strawberry_garden_png_jpg.rf.fb130c99df908fcafc44729bf026e2d6.jpg,0,0,0,0,0,0,1
Delikates_apple_cultivar_png_jpg.rf.5193115a7927e3589296534ed37c413c.jpg,1,0,0,0,0,0,0
Delikates_apple_cultivar_png_jpg.rf.a9eba9b7611c3c8c24a29547f7f3300e.jpg,1,0,0,0,0,0,0
Delikates_apple_cultivar_png_jpg.rf.bce1ffd80a78d65842243c5fb4c54605.jpg,1,0,0,0,0,0,0
DSCF1821_png_jpg.rf.2ce8fad23a80d2d5e8fec7896a722701.jpg,0,0,0,0,0,0,1
DSCF1821_png_jpg.rf.7e75cb0b0de818336f2a5aa806af3017.jpg,0,0,0,0,0,0,1
DSCF1821_png_jpg.rf.bcc80fd30ace9c1dd8d2f69617711a32.jpg,0,0,0,0,0,0,1
DSC_0041_png_jpg.rf.0644457f437210b8308691d96c96bf2f.jpg,0,0,0,0,0,0,1
DSC_0041_png_jpg.rf.1385036593a4184cdc068f4f618d3d91.jpg,0,0,0,0,0,0,1
DSC_0041_png_jpg.rf.64e09ecd5b6225d87ba96746a4c7364b.jpg,0,0,0,0,0,0,1
E12812977-14_png_jpg.rf.5d6b27b8185e79d83d3a6cc82a5df60e.jpg,1,0,0,0,0,0,0
E12812977-14_png_jpg.rf.e37af81d66daeb54424e11dd229c1669.jpg,1,0,0,0,0,0,0
E12812977-14_png_jpg.rf.e958c6ebd3ee72014a189c77b00ff362.jpg,1,0,0,0,0,0,0
easy-apple-recipes-for-fall_png_jpg.rf.3e846913041b6d77c32b5dcace5d9325.jpg,1,0,0,0,0,0,0
easy-apple-recipes-for-fall_png_jpg.rf.e24aebae94f3c6d1e33c99700a82e3fa.jpg,1,0,0,0,0,0,0
easy-apple-recipes-for-fall_png_jpg.rf.f1fdd39d047596200ba51a05756073b7.jpg,1,0,0,0,0,0,0
FARstevenson_6_png_jpg.rf.742d82ecaaf0abcc8d1187a6ac1b1289.jpg,0,0,0,0,0,0,1
FARstevenson_6_png_jpg.rf.aab63ff147d1892b0c187c4b7e27e47e.jpg,0,0,0,0,0,0,1
FARstevenson_6_png_jpg.rf.b3268fe40bad1a6b73a7d53ef12a7ef2.jpg,0,0,0,0,0,0,1
Fresh-ripe-apples-on-tree-in-Kasauli_png_jpg.rf.15ce43e0c7f33accfc3e0c45292a4782.jpg,1,0,0,0,0,0,0
Fresh-ripe-apples-on-tree-in-Kasauli_png_jpg.rf.23027270b0fe4b3f31911d0b5784edeb.jpg,1,0,0,0,0,0,0
Fresh-ripe-apples-on-tree-in-Kasauli_png_jpg.rf.2b342e2dc315fee2732c159c1d548825.jpg,1,0,0,0,0,0,0
G014188_png_jpg.rf.2e017b9aef5cab63ed631f1a01339ff3.jpg,0,0,0,0,0,0,1
G014188_png_jpg.rf.a3ce1667110791d103df75e7f30eaf75.jpg,0,0,0,0,0,0,1
G014188_png_jpg.rf.db25392c904cfb0e06434d40e7ec39ec.jpg,0,0,0,0,0,0,1
Gala-2015-2-1024x768_png_jpg.rf.14e925af04c43e015dbd528804ba6404.jpg,1,0,0,0,0,0,0
Gala-2015-2-1024x768_png_jpg.rf.441488ebca1c586f1801e37416d9d60d.jpg,1,0,0,0,0,0,0
Gala-2015-2-1024x768_png_jpg.rf.58e418eea525d9c189f2621e34579ea9.jpg,1,0,0,0,0,0,0
gala-apples_png_jpg.rf.3301e381153ba0c0286f09ea45959b2d.jpg,1,0,0,0,0,0,0
gala-apples_png_jpg.rf.561021ffd422b161d9abe525c1e0596a.jpg,1,0,0,0,0,0,0
gala-apples_png_jpg.rf.dba5f080cbf311c23107783b3356976a.jpg,1,0,0,0,0,0,0
Gatton1_test_20141204T1836_frame0010_png_jpg.rf.321aed2d5f3241bc34cadd3ef94357f6.jpg,0,0,1,0,0,0,0
Gatton1_test_20141204T1836_frame0010_png_jpg.rf.6695da939f2de2b9ff2ac28e9dc551b4.jpg,0,0,1,0,0,0,0
Gatton1_test_20141204T1836_frame0010_png_jpg.rf.9f5d2496223b6ddeaf0749ec33735d43.jpg,0,0,1,0,0,0,0
Gatton1_test_20141204T1836_frame0017_png_jpg.rf.4df2882b6458a6de157b02d631a206b5.jpg,0,0,1,0,0,0,0
Gatton1_test_20141204T1836_frame0017_png_jpg.rf.62a8ff0265bcfb45563a6d17dfc54980.jpg,0,0,1,0,0,0,0
Gatton1_test_20141204T1836_frame0017_png_jpg.rf.b903c6b8d275c170899cd7fccc46494b.jpg,0,0,1,0,0,0,0
Gatton1_test_20141204T1836_frame0023_png_jpg.rf.4998e188a48235b46b34761fb275da62.jpg,0,0,1,0,0,0,0
Gatton1_test_20141204T1836_frame0023_png_jpg.rf.cc7c99704da5e6558d169ecde798c6ac.jpg,0,0,1,0,0,0,0
Gatton1_test_20141204T1836_frame0023_png_jpg.rf.d82e5b08c406c567da731e04d1ab845c.jpg,0,0,1,0,0,0,0
Gatton1_test_20141204T1836_frame0032_png_jpg.rf.2458b5b2d53ecc3ebe5fa0918b84fae1.jpg,0,0,1,0,0,0,0
Gatton1_test_20141204T1836_frame0032_png_jpg.rf.554d43bce1132264fe75d6a2d551671f.jpg,0,0,1,0,0,0,0
Gatton1_test_20141204T1836_frame0032_png_jpg.rf.936292b96c5cbc481c56528bd6ff20cf.jpg,0,0,1,0,0,0,0
Gatton1_test_20141204T1836_frame0035_png_jpg.rf.6d47827e8567d74d4a693dae0cb2bbc6.jpg,0,0,1,0,0,0,0
Gatton1_test_20141204T1836_frame0035_png_jpg.rf.8c279dc6d11c55cfc1323a236ee93bf2.jpg,0,0,1,0,0,0,0
Gatton1_test_20141204T1836_frame0035_png_jpg.rf.b2bb347adfcf6dd7134c86f49cf72771.jpg,0,0,1,0,0,0,0
Gatton1_test_2014204T1614_frame0007_png_jpg.rf.0ac873e60f8285aa10969b214659fbac.jpg,0,0,1,0,0,0,0
Gatton1_test_2014204T1614_frame0007_png_jpg.rf.3bd1454964c12d061de433d5c5636791.jpg,0,0,1,0,0,0,0
Gatton1_test_2014204T1614_frame0007_png_jpg.rf.9bc243e811563545adf2879893145aae.jpg,0,0,1,0,0,0,0
Gatton1_test_2014204T1614_frame0018_png_jpg.rf.011d9d9567e5d14fdfb804bf3ab1b715.jpg,0,0,1,0,0,0,0
Gatton1_test_2014204T1614_frame0018_png_jpg.rf.a3dbe3f5e0558d6bf263bb7ff5abbbcb.jpg,0,0,1,0,0,0,0
Gatton1_test_2014204T1614_frame0018_png_jpg.rf.f298f00e71631440751ef36320e0169f.jpg,0,0,1,0,0,0,0
Gatton1_test_2014204T1614_frame0024_png_jpg.rf.5e556acd4be2f462949e147d8239bcdb.jpg,0,0,1,0,0,0,0
Gatton1_test_2014204T1614_frame0024_png_jpg.rf.91cb714790e7e966c104b958e0490bf2.jpg,0,0,1,0,0,0,0
Gatton1_test_2014204T1614_frame0024_png_jpg.rf.cff9f3dc29ff2de1455e8c2a9c98233d.jpg,0,0,1,0,0,0,0
Gatton1_train_20141204T1614_frame0017_png_jpg.rf.37478c0af404ccba54ad06ff6e44a0b9.jpg,0,0,1,0,0,0,0
Gatton1_train_20141204T1614_frame0017_png_jpg.rf.4f9b55ee90cd4a51128761eb6fc29b87.jpg,0,0,1,0,0,0,0
Gatton1_train_20141204T1614_frame0017_png_jpg.rf.7c448b3a5cc89943598499d0154d399d.jpg,0,0,1,0,0,0,0
Gatton1_train_20141204T1836_frame0001_png_jpg.rf.42cb874b50447e11f8f3dad15c428ead.jpg,0,0,1,0,0,0,0
Gatton1_train_20141204T1836_frame0001_png_jpg.rf.cbbc6b030685bcf22965de2289c35524.jpg,0,0,1,0,0,0,0
Gatton1_train_20141204T1836_frame0001_png_jpg.rf.cc149947042fbeed44d4bd17b50d6d9f.jpg,0,0,1,0,0,0,0
Gatton1_train_20141204T1836_frame0004_png_jpg.rf.1c0b38c241cc2f47a0ccbcc20184797a.jpg,0,0,1,0,0,0,0
Gatton1_train_20141204T1836_frame0004_png_jpg.rf.70320aeff83fc4329b6377fb0e96277a.jpg,0,0,1,0,0,0,0
Gatton1_train_20141204T1836_frame0004_png_jpg.rf.a276254c96934cd329d8d20b0a27ab2b.jpg,0,0,1,0,0,0,0
Gatton1_train_20141204T1836_frame0012_png_jpg.rf.201c398f09f03adad151670450745916.jpg,0,0,1,0,0,0,0
Gatton1_train_20141204T1836_frame0012_png_jpg.rf.43fe9dbabb3061a2fb6d1838f8759bce.jpg,0,0,1,0,0,0,0
Gatton1_train_20141204T1836_frame0012_png_jpg.rf.a4046d5442b85a92b190654315b13f28.jpg,0,0,1,0,0,0,0
Gatton1_valid_20141204T1614_frame0001_png_jpg.rf.48a72b90f105dfbbf8d1a583be0c4498.jpg,0,0,1,0,0,0,0
Gatton1_valid_20141204T1614_frame0001_png_jpg.rf.9277be80b1f65df7b8563d7cdb8216a1.jpg,0,0,1,0,0,0,0
Gatton1_valid_20141204T1614_frame0001_png_jpg.rf.f05549d4ff5e45e5a6471776b81089b0.jpg,0,0,1,0,0,0,0
Gatton1_valid_20141204T1614_frame0014_png_jpg.rf.45b216b4ff14481603d6209d75ffe42e.jpg,0,0,1,0,0,0,0
Gatton1_valid_20141204T1614_frame0014_png_jpg.rf.7a338ec82da6387e808b7b96e23e5920.jpg,0,0,1,0,0,0,0
Gatton1_valid_20141204T1614_frame0014_png_jpg.rf.ad08a0a036b10cf3b89a7766ef257d24.jpg,0,0,1,0,0,0,0
Gatton1_valid_20141204T1614_frame0019_png_jpg.rf.7087260101b095d6696bfdc8cb6a355d.jpg,0,0,1,0,0,0,0
Gatton1_valid_20141204T1614_frame0019_png_jpg.rf.a2385d9c97e985b052c735b1b67a1d59.jpg,0,0,1,0,0,0,0
Gatton1_valid_20141204T1614_frame0019_png_jpg.rf.ef30c820f725530c03f669dc59023256.jpg,0,0,1,0,0,0,0
Gatton1_valid_20141204T1614_frame0025_png_jpg.rf.3cf2d6f4113bef96c810c0960aaa77de.jpg,0,0,1,0,0,0,0
Gatton1_valid_20141204T1614_frame0025_png_jpg.rf.d1f428e19ac18d4466e384b3b2f8a09e.jpg,0,0,1,0,0,0,0
Gatton1_valid_20141204T1614_frame0025_png_jpg.rf.ee97c9b2f255a91f063183471be9b279.jpg,0,0,1,0,0,0,0
Gatton1_valid_20141204T1836_frame0002_png_jpg.rf.315c4059061dededfc807ecb0d90fa74.jpg,0,0,1,0,0,0,0
Gatton1_valid_20141204T1836_frame0002_png_jpg.rf.7d5ed746987df1f08114b437a02c16a8.jpg,0,0,1,0,0,0,0
Gatton1_valid_20141204T1836_frame0002_png_jpg.rf.b27b9a9c3f47418ee778c3bda455f92e.jpg,0,0,1,0,0,0,0
Gatton1_valid_20141204T1836_frame0015_png_jpg.rf.c4786dd2d176a8ade88ea953744da687.jpg,0,0,1,0,0,0,0
Gatton1_valid_20141204T1836_frame0015_png_jpg.rf.c81b7879585304b51f9b866cb6636716.jpg,0,0,1,0,0,0,0
Gatton1_valid_20141204T1836_frame0015_png_jpg.rf.df16aa45ff6001c80197c0d2d83138bb.jpg,0,0,1,0,0,0,0
Gatton1_valid_20141204T1836_frame0020_png_jpg.rf.00592677e0fb1db898a03d35bee2a4b5.jpg,0,0,1,0,0,0,0
Gatton1_valid_20141204T1836_frame0020_png_jpg.rf.ba64e805665a0d29403a1d7e43a50299.jpg,0,0,1,0,0,0,0
Gatton1_valid_20141204T1836_frame0020_png_jpg.rf.eeca54ba1fe89afe4225df3394abf76e.jpg,0,0,1,0,0,0,0
Gatton1_valid_20141204T1836_frame0025_png_jpg.rf.40a96925b6e70b085afcdb4c08e54c3a.jpg,0,0,1,0,0,0,0
Gatton1_valid_20141204T1836_frame0025_png_jpg.rf.48811c14f5fa2210d7f216977bcf79ca.jpg,0,0,1,0,0,0,0
Gatton1_valid_20141204T1836_frame0025_png_jpg.rf.5c52ab076f81dd8a4f75689fb2409d11.jpg,0,0,1,0,0,0,0
Gatton1_valid_20141204T1836_frame0037_png_jpg.rf.1feaad37ac09c70d97127f4ab51ff834.jpg,0,0,1,0,0,0,0
Gatton1_valid_20141204T1836_frame0037_png_jpg.rf.3d5c0558fd35e1ded85f89716bbb6234.jpg,0,0,1,0,0,0,0
Gatton1_valid_20141204T1836_frame0037_png_jpg.rf.efd96b2f0c5a7dab0c1d7b4f6fc55452.jpg,0,0,1,0,0,0,0
Gatton2_test_20150429T1524_pic000239_png_jpg.rf.085f3fb5180749f0c0d165650ea78e0e.jpg,0,0,1,0,0,0,0
Gatton2_test_20150429T1524_pic000239_png_jpg.rf.18bd7ff7cd89be60dc5fcd537ee94e4a.jpg,0,0,1,0,0,0,0
Gatton2_test_20150429T1524_pic000239_png_jpg.rf.c70ca1fd168af31ef50b4c39d956273d.jpg,0,0,1,0,0,0,0
Gatton2_test_20150429T1524_pic000329_png_jpg.rf.8e42e4575b0b50899aff4b9d05a237ff.jpg,0,0,1,0,0,0,0
Gatton2_test_20150429T1524_pic000329_png_jpg.rf.913cb9b4b7bbc21cd34997bbb8bcfd65.jpg,0,0,1,0,0,0,0
Gatton2_test_20150429T1524_pic000329_png_jpg.rf.e6abb299cd3f8379a4e82a33ef1ba0f5.jpg,0,0,1,0,0,0,0
Gatton2_test_20150429T1524_pic000409_png_jpg.rf.192f43ce6cfae8aba85095fa9226cf70.jpg,0,0,1,0,0,0,0
Gatton2_test_20150429T1524_pic000409_png_jpg.rf.cf1f0966308bd74a8ed0e3f88a1c10c9.jpg,0,0,1,0,0,0,0
Gatton2_test_20150429T1524_pic000409_png_jpg.rf.ff4e2f25536aac3356f28cd8355497e6.jpg,0,0,1,0,0,0,0
Gatton2_test_20150429T1544_pic000199_png_jpg.rf.32ca6171e696b7540d2ee255539c6a2b.jpg,0,0,1,0,0,0,0
Gatton2_test_20150429T1544_pic000199_png_jpg.rf.c3442b33fba30b1d84607c84350f676a.jpg,0,0,1,0,0,0,0
Gatton2_test_20150429T1544_pic000199_png_jpg.rf.e4c313ad354325fdc777b1fccf506d6d.jpg,0,0,1,0,0,0,0
Gatton2_test_20150429T1544_pic000669_png_jpg.rf.5936c9d1306229163b88bb4464775e6d.jpg,0,0,1,0,0,0,0
Gatton2_test_20150429T1544_pic000669_png_jpg.rf.959f2f5961467b6fda4b5184569d07cb.jpg,0,0,1,0,0,0,0
Gatton2_test_20150429T1544_pic000669_png_jpg.rf.cee46ae70a0a53a6731f4e879387b858.jpg,0,0,1,0,0,0,0
Gatton2_test_20150429T1651_pic000009_png_jpg.rf.043cbfb8778fe0bf872c79797010c4b4.jpg,0,0,1,0,0,0,0
Gatton2_test_20150429T1651_pic000009_png_jpg.rf.cfc6b10a182cf7d3fb46992e22f2f779.jpg,0,0,1,0,0,0,0
Gatton2_test_20150429T1651_pic000009_png_jpg.rf.fe7b3d8f5e5e4136f9ff7842deb16d3e.jpg,0,0,1,0,0,0,0
Gatton2_test_20150429T1806_pic000029_png_jpg.rf.08dd2071b5482ed1bad334627b24536f.jpg,0,0,1,0,0,0,0
Gatton2_test_20150429T1806_pic000029_png_jpg.rf.31218681959671d497e8312db542e3b8.jpg,0,0,1,0,0,0,0
Gatton2_test_20150429T1806_pic000029_png_jpg.rf.a899eecef4fa12fb7e921d79e81dab16.jpg,0,0,1,0,0,0,0
Gatton2_test_20150429T1806_pic000069_png_jpg.rf.3a1d7fbe2738cc661d6cbc09c124f2bd.jpg,0,0,1,0,0,0,0
Gatton2_test_20150429T1806_pic000069_png_jpg.rf.5809432bfa1c1985a20688dd55c9989a.jpg,0,0,1,0,0,0,0
Gatton2_test_20150429T1806_pic000069_png_jpg.rf.e3e3ef4aca727f3d152f4876b7418e86.jpg,0,0,1,0,0,0,0
Gatton2_test_20150429T1806_pic000099_png_jpg.rf.2674923550b89b2655b446e9a903b36b.jpg,0,0,1,0,0,0,0
Gatton2_test_20150429T1806_pic000099_png_jpg.rf.60677fa00b8a546e624b4bd423f0b5f2.jpg,0,0,1,0,0,0,0
Gatton2_test_20150429T1806_pic000099_png_jpg.rf.809066d36411f6f7c96ac722f7e8c4c3.jpg,0,0,1,0,0,0,0
Gatton2_test_20150429T1836_pic000559_png_jpg.rf.68f48984f73258392266ba3a7b047dd9.jpg,0,0,1,0,0,0,0
Gatton2_test_20150429T1836_pic000559_png_jpg.rf.6e8da86732a8ae80de18430e1f040e9b.jpg,0,0,1,0,0,0,0
Gatton2_test_20150429T1836_pic000559_png_jpg.rf.f4c6f28f0de8d1a3450380afd04b3215.jpg,0,0,1,0,0,0,0
Gatton2_train_20150429T1519_pic000159_png_jpg.rf.31918ddf5cd9b16b20378ac7287447be.jpg,0,0,1,0,0,0,0
Gatton2_train_20150429T1519_pic000159_png_jpg.rf.6bafcff11385180438bec5380472699f.jpg,0,0,1,0,0,0,0
Gatton2_train_20150429T1519_pic000159_png_jpg.rf.745219534c5ed807b276f6620bab6a4f.jpg,0,0,1,0,0,0,0
Gatton2_train_20150429T1519_pic000169_png_jpg.rf.0080a3c22632891637a33490a04ebc29.jpg,0,0,1,0,0,0,0
Gatton2_train_20150429T1519_pic000169_png_jpg.rf.22c3b5e682e18ca8ef69332335bdedc2.jpg,0,0,1,0,0,0,0
Gatton2_train_20150429T1519_pic000169_png_jpg.rf.7c217de98137d31c7f4d7fa3298de3fc.jpg,0,0,1,0,0,0,0
Gatton2_train_20150429T1519_pic000219_png_jpg.rf.9620e03fd86c8f3911f7df1e9fb76563.jpg,0,0,1,0,0,0,0
Gatton2_train_20150429T1519_pic000219_png_jpg.rf.d03bb25875714c7d01e61d9672accd80.jpg,0,0,1,0,0,0,0
Gatton2_train_20150429T1519_pic000219_png_jpg.rf.d4fb6204744f5d7ffdd1316e95c1e7a7.jpg,0,0,1,0,0,0,0
Gatton2_train_20150429T1621_pic000059_png_jpg.rf.c02b063a3550f0ff8dab9facc04f4e35.jpg,0,0,1,0,0,0,0
Gatton2_train_20150429T1621_pic000059_png_jpg.rf.c7db574f6e8fb70d836bfe80431c9ef2.jpg,0,0,1,0,0,0,0
Gatton2_train_20150429T1621_pic000059_png_jpg.rf.ca5cc954ab47437a3d7f0e3c3d932a77.jpg,0,0,1,0,0,0,0
Gatton2_train_20150429T1621_pic000189_png_jpg.rf.0f150617f210610e2ca3714206252ad6.jpg,0,0,1,0,0,0,0
Gatton2_train_20150429T1621_pic000189_png_jpg.rf.7013b1e8b69d049d71c4357071176df3.jpg,0,0,1,0,0,0,0
Gatton2_train_20150429T1621_pic000189_png_jpg.rf.e994b29a436c9f16041c47a56da33d4d.jpg,0,0,1,0,0,0,0
Gatton2_train_20150429T1807_pic000139_png_jpg.rf.50f5b4f2cd83878b21de97d8a1a5f7be.jpg,0,0,1,0,0,0,0
Gatton2_train_20150429T1807_pic000139_png_jpg.rf.8562d3eadf14c86b53647d2e18ea935f.jpg,0,0,1,0,0,0,0
Gatton2_train_20150429T1807_pic000139_png_jpg.rf.a26e6ea75791643768e36513c328946c.jpg,0,0,1,0,0,0,0
Gatton2_train_20150429T1807_pic000279_png_jpg.rf.214daf7df4dda1c05106676fdc5cde98.jpg,0,0,1,0,0,0,0
Gatton2_train_20150429T1807_pic000279_png_jpg.rf.804273a1df69403e562d708c157d39ff.jpg,0,0,1,0,0,0,0
Gatton2_train_20150429T1807_pic000279_png_jpg.rf.a46d301c0b2b31586e4fbb2f329f300b.jpg,0,0,1,0,0,0,0
Gatton2_train_20150429T1807_pic000609_png_jpg.rf.3bbd9c5387394c5a49a38b34fa67d712.jpg,0,0,1,0,0,0,0
Gatton2_train_20150429T1807_pic000609_png_jpg.rf.7b998f89bdcb328e551fc8d834fbb055.jpg,0,0,1,0,0,0,0
Gatton2_train_20150429T1807_pic000609_png_jpg.rf.9f4d4fb017a175308eaa0f423eeda395.jpg,0,0,1,0,0,0,0
Gatton2_train_20150429T1814_pic000279_png_jpg.rf.6aa3a1200a9388bf97dc13699a3386c4.jpg,0,0,1,0,0,0,0
Gatton2_train_20150429T1814_pic000279_png_jpg.rf.b7404c38054359ca5ee4f771b468a8e7.jpg,0,0,1,0,0,0,0
Gatton2_train_20150429T1814_pic000279_png_jpg.rf.be6d4f6bdbf7cb4a827f6098678f6eb3.jpg,0,0,1,0,0,0,0
Gatton2_train_20150429T1823_pic000109_png_jpg.rf.086054a60c8d7790eef1a1a9127c74fa.jpg,0,0,1,0,0,0,0
Gatton2_train_20150429T1823_pic000109_png_jpg.rf.298c3e8396cc7df1f862049b0ab969af.jpg,0,0,1,0,0,0,0
Gatton2_train_20150429T1823_pic000109_png_jpg.rf.ec0ff52a23d3ca7e813ca6bd12fa4349.jpg,0,0,1,0,0,0,0
Gatton2_train_20150429T1823_pic000329_png_jpg.rf.579949febac41ca6134fe9a69b2b726f.jpg,0,0,1,0,0,0,0
Gatton2_train_20150429T1823_pic000329_png_jpg.rf.87286dd50ab9ccece13833cc1cf40e6a.jpg,0,0,1,0,0,0,0
Gatton2_train_20150429T1823_pic000329_png_jpg.rf.a0ccf5b9af3b08620c0beb87e6504ddc.jpg,0,0,1,0,0,0,0
Gatton2_valid_20150429T1531_pic000099_png_jpg.rf.23acdefd0214e798f893242923d1b777.jpg,0,0,1,0,0,0,0
Gatton2_valid_20150429T1531_pic000099_png_jpg.rf.5fcbe3889ad1ec8c9b021f35a7fd83d0.jpg,0,0,1,0,0,0,0
Gatton2_valid_20150429T1531_pic000099_png_jpg.rf.bc037fddad2e1cab5c78f473e8431c20.jpg,0,0,1,0,0,0,0
Gatton2_valid_20150429T1531_pic000239_png_jpg.rf.40bd38d49e765efa6b01df492443d510.jpg,0,0,1,0,0,0,0
Gatton2_valid_20150429T1531_pic000239_png_jpg.rf.e584886d30e8fe4709647d3216e70681.jpg,0,0,1,0,0,0,0
Gatton2_valid_20150429T1531_pic000239_png_jpg.rf.fa1993f7190b3e93b7787bf4816d037f.jpg,0,0,1,0,0,0,0
Gatton2_valid_20150429T1550_pic000069_png_jpg.rf.5c7901216411028c7bf233e2e98e4ef3.jpg,0,0,1,0,0,0,0
Gatton2_valid_20150429T1550_pic000069_png_jpg.rf.5d3e457db43fb62632610012a3697889.jpg,0,0,1,0,0,0,0
Gatton2_valid_20150429T1550_pic000069_png_jpg.rf.bd0b88247d36f172f5f41ffa59a63f8e.jpg,0,0,1,0,0,0,0
Gatton2_valid_20150429T1550_pic000259_png_jpg.rf.4492e73e3254a190ea901c19cc35f48b.jpg,0,0,1,0,0,0,0
Gatton2_valid_20150429T1550_pic000259_png_jpg.rf.45daa6b35a9a535fa165b5bea06c8994.jpg,0,0,1,0,0,0,0
Gatton2_valid_20150429T1550_pic000259_png_jpg.rf.c2ca40cc3ae55dc1d779264508e14bdc.jpg,0,0,1,0,0,0,0
Gatton2_valid_20150429T1550_pic000319_png_jpg.rf.34d55d61371ce8bea8e09db9a749ce96.jpg,0,0,1,0,0,0,0
Gatton2_valid_20150429T1550_pic000319_png_jpg.rf.584b6b10ce15adcb51f0097bd2aaf0f4.jpg,0,0,1,0,0,0,0
Gatton2_valid_20150429T1550_pic000319_png_jpg.rf.fde59032f5fcbfb0faee44fd12aa41b8.jpg,0,0,1,0,0,0,0
Gatton2_valid_20150429T1817_pic000049_png_jpg.rf.26afb2166ef513e56477a338e3c5b41c.jpg,0,0,1,0,0,0,0
Gatton2_valid_20150429T1817_pic000049_png_jpg.rf.44a93e571bc3dcccb5ad1740bddd0043.jpg,0,0,1,0,0,0,0
Gatton2_valid_20150429T1817_pic000049_png_jpg.rf.850bec8c57f22c64ea3090f0f3d15e90.jpg,0,0,1,0,0,0,0
Gatton2_valid_20150429T1817_pic000629_png_jpg.rf.5cd8b04bbec7c0e81ed2972103dedd28.jpg,0,0,1,0,0,0,0
Gatton2_valid_20150429T1817_pic000629_png_jpg.rf.7c7dbf3383b522f25a5f0fc9ac2977b0.jpg,0,0,1,0,0,0,0
Gatton2_valid_20150429T1817_pic000629_png_jpg.rf.a15b81e542a642b76c4af5926d32b90d.jpg,0,0,1,0,0,0,0
Gatton2_valid_20150429T1831_pic000119_png_jpg.rf.3b89a52f0e9529975a577694d26e27cf.jpg,0,0,1,0,0,0,0
Gatton2_valid_20150429T1831_pic000119_png_jpg.rf.93de16677db9d39d3bf60b95d1e23a3e.jpg,0,0,1,0,0,0,0
Gatton2_valid_20150429T1831_pic000119_png_jpg.rf.9eee48a29163d9ac68db236abb7a45fb.jpg,0,0,1,0,0,0,0
Gatton2_valid_20150429T1831_pic000289_png_jpg.rf.10d2bd58e3ed00ce2168fea43e7f8e0e.jpg,0,0,1,0,0,0,0
Gatton2_valid_20150429T1831_pic000289_png_jpg.rf.a795bb053df2221b13229d6a7796041c.jpg,0,0,1,0,0,0,0
Gatton2_valid_20150429T1831_pic000289_png_jpg.rf.f99f137721a828f9f3b55ac66fff5008.jpg,0,0,1,0,0,0,0
Gatton2_valid_20150429T1831_pic000419_png_jpg.rf.01510b90ed5c9a1aa2a9386f9026ff17.jpg,0,0,1,0,0,0,0
Gatton2_valid_20150429T1831_pic000419_png_jpg.rf.6690f07febedc9208573d6d9ea19dffb.jpg,0,0,1,0,0,0,0
Gatton2_valid_20150429T1831_pic000419_png_jpg.rf.c70aebfad7681518c8a1f1f977d88060.jpg,0,0,1,0,0,0,0
Golden-Delicious-Apple-1-1024x685_png_jpg.rf.58ba3e450853a7ab8216ce89a3198555.jpg,1,0,0,0,0,0,0
Golden-Delicious-Apple-1-1024x685_png_jpg.rf.8f5dc42998c25e113a301581eea416e7.jpg,1,0,0,0,0,0,0
Golden-Delicious-Apple-1-1024x685_png_jpg.rf.f25f493693883a81385df747d880c3ed.jpg,1,0,0,0,0,0,0
granny-smith-apples_png_jpg.rf.3d7102b0579d847ae6df5189138c08f3.jpg,1,0,0,0,0,0,0
granny-smith-apples_png_jpg.rf.40672e1ddcb20721833bd0c731f0966d.jpg,1,0,0,0,0,0,0
granny-smith-apples_png_jpg.rf.8ba1dddedcc8a3791c26d5c971b3175b.jpg,1,0,0,0,0,0,0
green-apple-tree_png_jpg.rf.5ce62b4250efeeaec2c4c551e9b30a03.jpg,1,0,0,0,0,0,0
green-apple-tree_png_jpg.rf.eb71d25e22c665cbbd072503603c09a2.jpg,1,0,0,0,0,0,0
green-apple-tree_png_jpg.rf.ed70deff141c2f320ec55c8f7d6568e2.jpg,1,0,0,0,0,0,0
hqdefault_png_jpg.rf.4ac0e69104ae542acd8622f0721b1a67.jpg,0,0,0,0,0,1,0
hqdefault_png_jpg.rf.4fde76ca527b314a318f817ef4281b9a.jpg,0,0,0,0,0,1,0
hqdefault_png_jpg.rf.57d802cfee741e6302311abe5e4243e8.jpg,0,0,0,0,0,1,0
image_0101_png_jpg.rf.19391eb38743ef672b41a2ab7b8e90ef.jpg,0,0,0,0,0,0,1
image_0101_png_jpg.rf.8c51e3ee47a94f897d01c254177eb2b1.jpg,0,0,0,0,0,0,1
image_0101_png_jpg.rf.abb41a8b0f969001644137b238dccc6d.jpg,0,0,0,0,0,0,1
image_rockmelon_png_jpg.rf.3e0a2af96c5f85e773cf35c85639bf67.jpg,0,0,0,0,0,1,0
image_rockmelon_png_jpg.rf.94e644bd91e9fa2dcd22cca4d68a1020.jpg,0,0,0,0,0,1,0
image_rockmelon_png_jpg.rf.96855238f1fd9dcefcc988b0b2feb218.jpg,0,0,0,0,0,1,0
Img214813123_png_jpg.rf.04684336db000233a5df01be63a2bb45.jpg,0,0,0,0,0,0,1
Img214813123_png_jpg.rf.5ac8a92928c0dcd99dd9935e33f1198b.jpg,0,0,0,0,0,0,1
Img214813123_png_jpg.rf.fa1a65d6e356ea4c64a57705498fcd18.jpg,0,0,0,0,0,0,1
IMG_0768_png_jpg.rf.05660f5bdf8fa002e16bc552dbbcb2c8.jpg,1,0,0,0,0,0,0
IMG_0768_png_jpg.rf.503d1703cb8576aef1fbc0d0829f568c.jpg,1,0,0,0,0,0,0
IMG_0768_png_jpg.rf.5dd41cf56585e701f8669c586ee168bc.jpg,1,0,0,0,0,0,0
IMG_0954_png_jpg.rf.55116985fcb39a1e398c14a83ec2d815.jpg,0,0,0,0,0,0,1
IMG_0954_png_jpg.rf.bd7489fc6ed0d6901871500ddd2b69d3.jpg,0,0,0,0,0,0,1
IMG_0954_png_jpg.rf.dc7f65a66a15668f5cf072c27fe60c56.jpg,0,0,0,0,0,0,1
IMG_1951_png_jpg.rf.10908f2cf86522d98d18e5f148759aee.jpg,1,0,0,0,0,0,0
IMG_1951_png_jpg.rf.51bac00829a2f03fe020a1051708ddb9.jpg,1,0,0,0,0,0,0
IMG_1951_png_jpg.rf.d1bf6e32ba18816f0770057c336c6f54.jpg,1,0,0,0,0,0,0
img_2017_png_jpg.rf.64c6018c1860f8e793305a4510697575.jpg,1,0,0,0,0,0,0
img_2017_png_jpg.rf.b4b875c3293bb1ffb0ef521fb668fe28.jpg,1,0,0,0,0,0,0
img_2017_png_jpg.rf.f86d99f1653c8124a4b1b127c70ed390.jpg,1,0,0,0,0,0,0
img_2304_png_jpg.rf.5d437a842fa9e93be67ce9a78b7a5ab9.jpg,0,0,0,0,0,0,1
img_2304_png_jpg.rf.b176af88becea59ef864bafdaa46c6ed.jpg,0,0,0,0,0,0,1
img_2304_png_jpg.rf.cf1b312d6449c007b4d00649547ed992.jpg,0,0,0,0,0,0,1
IMG_5392_png_jpg.rf.81d0b6b08dcc58e9f61f91565c9d4cdc.jpg,0,0,0,0,0,0,1
IMG_5392_png_jpg.rf.b05c340ceb9abbfcca5bbfd7f7ebc11a.jpg,0,0,0,0,0,0,1
IMG_5392_png_jpg.rf.b88e341e5c78fe7a89c48314d7ba61be.jpg,0,0,0,0,0,0,1
iStock-strawberries-closeup-web_png_jpg.rf.2d6533235ad2a9b99eeed7716b00532d.jpg,0,0,0,0,0,0,1
iStock-strawberries-closeup-web_png_jpg.rf.3fdef6bb35899d8f0c761156ab674774.jpg,0,0,0,0,0,0,1
iStock-strawberries-closeup-web_png_jpg.rf.4df91bb1861d146d378a2bc956e6364d.jpg,0,0,0,0,0,0,1
maxresdefault_png_jpg.rf.1561cd40b80042e68fef5934102b754d.jpg,1,0,0,0,0,0,0
maxresdefault_png_jpg.rf.5c212b412a917027efb6da22b892bdf3.jpg,1,0,0,0,0,0,0
maxresdefault_png_jpg.rf.c4c9f3bc13f9ff102b244be031333ec0.jpg,1,0,0,0,0,0,0
Mcintosh_Apple_Tree_450_3_png_jpg.rf.45ea345d7ac7953870ee28acaae7f083.jpg,1,0,0,0,0,0,0
Mcintosh_Apple_Tree_450_3_png_jpg.rf.6f4e4e0fb0a6452ccc18158ba594d40e.jpg,1,0,0,0,0,0,0
Mcintosh_Apple_Tree_450_3_png_jpg.rf.a6df2f3986d2f2ff3d564b52b78db97e.jpg,1,0,0,0,0,0,0
memorial-day-and-fifer-orchards-079_png_jpg.rf.4d2ddbc22724dec90f6bfe86ef8fff44.jpg,0,0,0,0,0,0,1
memorial-day-and-fifer-orchards-079_png_jpg.rf.800313fe94cc7d34f65713bdf053e132.jpg,0,0,0,0,0,0,1
memorial-day-and-fifer-orchards-079_png_jpg.rf.8e338226bbfbb831014c26b36e113b4e.jpg,0,0,0,0,0,0,1
midorikawa-strawberry-farm_228041_png_jpg.rf.17c95bfdeb4a96e30fa3d383641efc56.jpg,0,0,0,0,0,0,1
midorikawa-strawberry-farm_228041_png_jpg.rf.e56550d863e541b88dd8fbd09245a174.jpg,0,0,0,0,0,0,1
midorikawa-strawberry-farm_228041_png_jpg.rf.f5287d55d7c06ee27fecde7ea11230e9.jpg,0,0,0,0,0,0,1
n07756641_3325_png_jpg.rf.0b890607e98a2a4620b78271ea20d18f.jpg,0,0,0,0,0,1,0
n07756641_3325_png_jpg.rf.19893226b8eacd1d8b2fe799ae3563ac.jpg,0,0,0,0,0,1,0
n07756641_3325_png_jpg.rf.3d3ae98a53f4e3a393bcbca238ae0301.jpg,0,0,0,0,0,1,0
n07756641_4088_png_jpg.rf.39b2efa4efe3b20228b946fb37de53d8.jpg,0,0,0,0,0,1,0
n07756641_4088_png_jpg.rf.539c0c5cce8f90337618309785135629.jpg,0,0,0,0,0,1,0
n07756641_4088_png_jpg.rf.66fb11a099b93a3fbe2e21adc0ab9574.jpg,0,0,0,0,0,1,0
n07756641_4195_png_jpg.rf.414a65c1d307e3d5277038190a388219.jpg,0,0,0,0,0,1,0
n07756641_4195_png_jpg.rf.43ceb399ccffa1e02188fcb7034b7dc9.jpg,0,0,0,0,0,1,0
n07756641_4195_png_jpg.rf.ab3fe22efa411b9017d1a496122446e3.jpg,0,0,0,0,0,1,0
n07756641_4484_png_jpg.rf.736a7ca3bb7a7a8024783001d63a1164.jpg,0,0,0,0,0,1,0
n07756641_4484_png_jpg.rf.96898646d4725199547a3f95ff065a91.jpg,0,0,0,0,0,1,0
n07756641_4484_png_jpg.rf.9bffa11847f1367417c0f93877474acc.jpg,0,0,0,0,0,1,0
n07756641_7264_png_jpg.rf.4bb05c35c2dde716001aebfac34a099a.jpg,0,0,0,0,0,1,0
n07756641_7264_png_jpg.rf.746d3c500d49138979ea8ccb03d319cf.jpg,0,0,0,0,0,1,0
n07756641_7264_png_jpg.rf.a8ea1bdbe49545fe47220801304a79dd.jpg,0,0,0,0,0,1,0
n11706761_11042_png_jpg.rf.3e21a76151327ecd7f0a49cc56e6cb1e.jpg,0,1,0,0,0,0,0
n11706761_11042_png_jpg.rf.610b4fff90bc023c755eae3dace6b779.jpg,0,1,0,0,0,0,0
n11706761_11042_png_jpg.rf.b386106996462ce37697f776495802df.jpg,0,1,0,0,0,0,0
n11706761_11630_png_jpg.rf.2b09c48e68cd0cd0e9ff43d7494adb30.jpg,0,1,0,0,0,0,0
n11706761_11630_png_jpg.rf.3327cccb656abd769808e4569f447555.jpg,0,1,0,0,0,0,0
n11706761_11630_png_jpg.rf.cd60036bd18ab17348f8572d847dd88f.jpg,0,1,0,0,0,0,0
n11706761_11967_png_jpg.rf.01e441c2fd583f5a44da1f19818048bf.jpg,0,1,0,0,0,0,0
n11706761_11967_png_jpg.rf.d2769e936af1ea633f9f84846c2ad25c.jpg,0,1,0,0,0,0,0
n11706761_11967_png_jpg.rf.eec3ce10faa1f69fc56ac4a9f2905431.jpg,0,1,0,0,0,0,0
n11706761_12021_png_jpg.rf.0f6bb2135c15f0082ce3c926235ec9e3.jpg,0,1,0,0,0,0,0
n11706761_12021_png_jpg.rf.26cd7bf8dd2ef6384ebb9f123340c262.jpg,0,1,0,0,0,0,0
n11706761_12021_png_jpg.rf.ca8a7819147740982485232228eb110b.jpg,0,1,0,0,0,0,0
n11706761_12393_png_jpg.rf.5a68b20a02481ac2b6ffc1bfb992b433.jpg,0,1,0,0,0,0,0
n11706761_12393_png_jpg.rf.d4afa1a23460a5cd88b02ee1a4a39fd9.jpg,0,1,0,0,0,0,0
n11706761_12393_png_jpg.rf.e539046c88643998156188c9de1e48c4.jpg,0,1,0,0,0,0,0
n11706761_12857_png_jpg.rf.0bf9eb5f7d8bc007266b737747214f69.jpg,0,1,0,0,0,0,0
n11706761_12857_png_jpg.rf.732f937637f288252cd089f99293535b.jpg,0,1,0,0,0,0,0
n11706761_12857_png_jpg.rf.f20e1174fde29a733ffac7ea6b7ea64e.jpg,0,1,0,0,0,0,0
n11706761_13337_png_jpg.rf.9cdd7081288ba52bacaa32140b9d92dd.jpg,0,1,0,0,0,0,0
n11706761_13337_png_jpg.rf.a102a6421f41ad7cd616897bdfbde6e2.jpg,0,1,0,0,0,0,0
n11706761_13337_png_jpg.rf.e3cf14beb820ce2a6455b400f4ae8eb1.jpg,0,1,0,0,0,0,0
n11706761_1343_png_jpg.rf.1cc239a71849f9602f9187cc0d6525c1.jpg,0,1,0,0,0,0,0
n11706761_1343_png_jpg.rf.b178ac32bf55f2bcfac0526d6eb9c7ea.jpg,0,1,0,0,0,0,0
n11706761_1343_png_jpg.rf.c8b2990ee03119427fa3d201df33df67.jpg,0,1,0,0,0,0,0
n11706761_14235_png_jpg.rf.645f6104bafc71c824abeeb78881b24b.jpg,0,1,0,0,0,0,0
n11706761_14235_png_jpg.rf.790d0a0082738023730b4297c8c1aea2.jpg,0,1,0,0,0,0,0
n11706761_14235_png_jpg.rf.c0053d868919c152fbb9260fe8da8103.jpg,0,1,0,0,0,0,0
n11706761_1456_png_jpg.rf.0b473d17fa33efd098027e6637300acd.jpg,0,1,0,0,0,0,0
n11706761_1456_png_jpg.rf.3b5600e539f32db69942d96b48e70c38.jpg,0,1,0,0,0,0,0
n11706761_1456_png_jpg.rf.b57542a6f616303d3cf4331cae9bfb4e.jpg,0,1,0,0,0,0,0
n11706761_14595_png_jpg.rf.13f63117ec0e5adb174f9855a4f8c14f.jpg,0,1,0,0,0,0,0
n11706761_14595_png_jpg.rf.2dc84c629f7cc27cfc7174cdb390e14f.jpg,0,1,0,0,0,0,0
n11706761_14595_png_jpg.rf.4ce662f4ce5e3c13f2dc523f703a5cbc.jpg,0,1,0,0,0,0,0
n11706761_15606_png_jpg.rf.621d356723dc330b37e916879314737e.jpg,0,1,0,0,0,0,0
n11706761_15606_png_jpg.rf.d761b8d5eb4dceee060327fe354bf18b.jpg,0,1,0,0,0,0,0
n11706761_15606_png_jpg.rf.f46be651587d00baf6f2d4ef2c0c5ba2.jpg,0,1,0,0,0,0,0
n11706761_16482_png_jpg.rf.12dd6c17317182cbf2dcc9e036acd6e2.jpg,0,1,0,0,0,0,0
n11706761_16482_png_jpg.rf.d2eb598764933ad401ec50dc3e0e5f0a.jpg,0,1,0,0,0,0,0
n11706761_16482_png_jpg.rf.f484bfa519c0c9a6c2cbe057d5a95d97.jpg,0,1,0,0,0,0,0
n11706761_17395_png_jpg.rf.0b84d348a42f272896b4b3eb806443e8.jpg,0,1,0,0,0,0,0
n11706761_17395_png_jpg.rf.95eedaa13c5fc635175c1ed3d9d6b69f.jpg,0,1,0,0,0,0,0
n11706761_17395_png_jpg.rf.a1d822c15ef21fcc63a1a67e23c98e9b.jpg,0,1,0,0,0,0,0
n11706761_17640_png_jpg.rf.34ec6e6b304539f4c514cb851657f653.jpg,0,1,0,0,0,0,0
n11706761_17640_png_jpg.rf.380dd1392bbae837e8e171dc25ec789c.jpg,0,1,0,0,0,0,0
n11706761_17640_png_jpg.rf.d9eea2934bdf268184d1f2d7f378cb0c.jpg,0,1,0,0,0,0,0
n11706761_17975_png_jpg.rf.29bf8d8950785d6c95fc9ae36587bbb0.jpg,0,1,0,0,0,0,0
n11706761_17975_png_jpg.rf.475abb72d4827b5ec058c92e8f961091.jpg,0,1,0,0,0,0,0
n11706761_17975_png_jpg.rf.99b8ca77280bf10ad9dbefbdee8c6a98.jpg,0,1,0,0,0,0,0
n11706761_19353_png_jpg.rf.3725e02cb5071bf81bacad69dd23421c.jpg,0,1,0,0,0,0,0
n11706761_19353_png_jpg.rf.688cf8665c8fd83210176c3a05780312.jpg,0,1,0,0,0,0,0
n11706761_19353_png_jpg.rf.92077493535f22110b226dad0340ead1.jpg,0,1,0,0,0,0,0
n11706761_19738_png_jpg.rf.915652b2b4e33a7c9c36b74a6cc446fe.jpg,0,1,0,0,0,0,0
n11706761_19738_png_jpg.rf.965f192df51cf41a7f9be992950ab97e.jpg,0,1,0,0,0,0,0
n11706761_19738_png_jpg.rf.d3cc21d673cebb6d0ebf86780e4b349e.jpg,0,1,0,0,0,0,0
n11706761_1982_png_jpg.rf.111baac256f69dbb8878c4b4e7ef52e9.jpg,0,1,0,0,0,0,0
n11706761_1982_png_jpg.rf.14a7fba9dc1ffc211549779efe78fe7a.jpg,0,1,0,0,0,0,0
n11706761_1982_png_jpg.rf.5dd87a4361bcaf580d6c1e6468b1e5af.jpg,0,1,0,0,0,0,0
n11706761_19832_png_jpg.rf.2a61770d0d269ff6c5a79fb3d3c012a7.jpg,0,1,0,0,0,0,0
n11706761_19832_png_jpg.rf.444e57adbf203d9cc132c22bf5976f1e.jpg,0,1,0,0,0,0,0
n11706761_19832_png_jpg.rf.fd26293f53297219e2520634b9a1e6ec.jpg,0,1,0,0,0,0,0
n11706761_19983_png_jpg.rf.03bc592c9e3bce51568fe6de11833274.jpg,0,1,0,0,0,0,0
n11706761_19983_png_jpg.rf.9c207f1a12ab0330af9359acc8710e5f.jpg,0,1,0,0,0,0,0
n11706761_19983_png_jpg.rf.efe3e10711a5aea82354ebd4613a92dd.jpg,0,1,0,0,0,0,0
n11706761_1_png_jpg.rf.28afc8acc28bf8ad45ea645ca42af062.jpg,0,1,0,0,0,0,0
n11706761_1_png_jpg.rf.6be33ca20325076e60bec0c0c3c64a95.jpg,0,1,0,0,0,0,0
n11706761_1_png_jpg.rf.d0a6fcad5f85da637aeb0e0d6132703d.jpg,0,1,0,0,0,0,0
n11706761_2000_png_jpg.rf.772666f8c241bb0ce201da322b5b319e.jpg,0,1,0,0,0,0,0
n11706761_2000_png_jpg.rf.c85302dc6f9c02b8dfc1d13e4a7a797a.jpg,0,1,0,0,0,0,0
n11706761_2000_png_jpg.rf.d6ba5f86a717f1eca5d7ba0694ffa567.jpg,0,1,0,0,0,0,0
n11706761_2248_png_jpg.rf.4d58c8ecda5d11ecf3a9cb2cada8049d.jpg,0,1,0,0,0,0,0
n11706761_2248_png_jpg.rf.60484bc50fab2948d087555cc3e4199e.jpg,0,1,0,0,0,0,0
n11706761_2248_png_jpg.rf.ff8023357200ab605191aea029180be5.jpg,0,1,0,0,0,0,0
n11706761_2811_png_jpg.rf.126f689c600f1e34685bcd6514719c0f.jpg,0,1,0,0,0,0,0
n11706761_2811_png_jpg.rf.224f8ad2ac734bde94cb3e40b7952396.jpg,0,1,0,0,0,0,0
n11706761_2811_png_jpg.rf.bd9ae3445d2863723f4c75c991b61e8a.jpg,0,1,0,0,0,0,0
n11706761_2920_png_jpg.rf.0728b56f65103b28f7cbe82c68b3db33.jpg,0,1,0,0,0,0,0
n11706761_2920_png_jpg.rf.31da587124a483042d9ed2326b3755ef.jpg,0,1,0,0,0,0,0
n11706761_2920_png_jpg.rf.b03c02b9c439fbbc5b0aa8ff35c0c015.jpg,0,1,0,0,0,0,0
n11706761_3038_png_jpg.rf.9525f559af20f45a7c1d1695599430ae.jpg,0,1,0,0,0,0,0
n11706761_3038_png_jpg.rf.9c922cf094189d2e1a76dbb4ac5b7924.jpg,0,1,0,0,0,0,0
n11706761_3038_png_jpg.rf.c1bc63bad7caa2822fbec94757c8feae.jpg,0,1,0,0,0,0,0
n11706761_3088_png_jpg.rf.7890cca4cb12a00aadc7cb77624e09e3.jpg,0,1,0,0,0,0,0
n11706761_3088_png_jpg.rf.e7ee27532858ae0789d59303dff99b38.jpg,0,1,0,0,0,0,0
n11706761_3088_png_jpg.rf.f2bda592e404a0670229fa1a12d60905.jpg,0,1,0,0,0,0,0
n11706761_4580_png_jpg.rf.289d07785c136d6bc75bd84d90b1b20d.jpg,0,1,0,0,0,0,0
n11706761_4580_png_jpg.rf.63cc27e94a5d18b28eea0aba2da5e155.jpg,0,1,0,0,0,0,0
n11706761_4580_png_jpg.rf.cb89b84adbbbd9df7d50f8a54f6c8a1a.jpg,0,1,0,0,0,0,0
n11706761_5047_png_jpg.rf.22ddc999dcee8c581a065095f8cad361.jpg,0,1,0,0,0,0,0
n11706761_5047_png_jpg.rf.4bfa7010b12c902b5f45aa7b3a9fb752.jpg,0,1,0,0,0,0,0
n11706761_5047_png_jpg.rf.a9821e010afb8a47c3774656e6777829.jpg,0,1,0,0,0,0,0
n11706761_5199_png_jpg.rf.33cfc5b509b65a15ab79462303eca298.jpg,0,1,0,0,0,0,0
n11706761_5199_png_jpg.rf.4a63f036948deec266c009699f3b926a.jpg,0,1,0,0,0,0,0
n11706761_5199_png_jpg.rf.ef62a06cbcf3f8c3f32f306dc5d04086.jpg,0,1,0,0,0,0,0
n11706761_5404_png_jpg.rf.1cd57da06de97a9cd23c100a88ca4d55.jpg,0,1,0,0,0,0,0
n11706761_5404_png_jpg.rf.42812c2f6d23cd4e9e54268fc2a164da.jpg,0,1,0,0,0,0,0
n11706761_5404_png_jpg.rf.d4b560a470c7f89a5895de47dfc338f0.jpg,0,1,0,0,0,0,0
n11706761_5413_png_jpg.rf.43b16172c55dfcc8545b03cfefa7b726.jpg,0,1,0,0,0,0,0
n11706761_5413_png_jpg.rf.d791c1595d0dc6d278274b5744674537.jpg,0,1,0,0,0,0,0
n11706761_5413_png_jpg.rf.ff689b844c3cfb1643de410c37c5ab1c.jpg,0,1,0,0,0,0,0
n11706761_5570_png_jpg.rf.3b741f2e1d4ac726e041bc4b95495779.jpg,0,1,0,0,0,0,0
n11706761_5570_png_jpg.rf.5d1853e9228c5b369aa1a41d26b0224a.jpg,0,1,0,0,0,0,0
n11706761_5570_png_jpg.rf.c60c5a730b5a03be97a79c3bdb9cb5b8.jpg,0,1,0,0,0,0,0
n11706761_56_png_jpg.rf.3999d390b01eae319db0d8850e3908bd.jpg,0,1,0,0,0,0,0
n11706761_56_png_jpg.rf.3c296d25276485dc0b37bbbe47bbfb57.jpg,0,1,0,0,0,0,0
n11706761_56_png_jpg.rf.90d658751ab705a6c1271714c58b07e0.jpg,0,1,0,0,0,0,0
n11706761_6597_png_jpg.rf.47647ff5061c7e56aa152ecaf5c88098.jpg,0,1,0,0,0,0,0
n11706761_6597_png_jpg.rf.542b80e0e17ffcf6ada7a06e1e3cc4d5.jpg,0,1,0,0,0,0,0
n11706761_6597_png_jpg.rf.e97f825c05aacdbd5b573a932c5f2f58.jpg,0,1,0,0,0,0,0
n11706761_6715_png_jpg.rf.4a635e6e6c85025597e9856da4c192bd.jpg,0,1,0,0,0,0,0
n11706761_6715_png_jpg.rf.b4a5d8d7eea8594e998612d4f93b5a65.jpg,0,1,0,0,0,0,0
n11706761_6715_png_jpg.rf.de0fb918db3684b375c6df7bbe5ca5dc.jpg,0,1,0,0,0,0,0
n11706761_6856_png_jpg.rf.27d6d506b536c45407fefc57c1344cf7.jpg,0,1,0,0,0,0,0
n11706761_6856_png_jpg.rf.2814ed7f924a4b4f97e6ec6264c7f204.jpg,0,1,0,0,0,0,0
n11706761_6856_png_jpg.rf.8edda0b130587b0a3adce76df0c07adf.jpg,0,1,0,0,0,0,0
n11706761_6937_png_jpg.rf.4c495021e3d3d32bed137b75b0092898.jpg,0,1,0,0,0,0,0
n11706761_6937_png_jpg.rf.70d47e7ae01f251033903e588585c2b3.jpg,0,1,0,0,0,0,0
n11706761_6937_png_jpg.rf.9140df73ee63e4d73ac34f31b4542383.jpg,0,1,0,0,0,0,0
n11706761_7188_png_jpg.rf.092c6a44e54bd955bdfaafc1eeed308b.jpg,0,1,0,0,0,0,0
n11706761_7188_png_jpg.rf.6af00836123acc9f82407591afef0506.jpg,0,1,0,0,0,0,0
n11706761_7188_png_jpg.rf.7568a993650b5b6496a3778cf91e2f5d.jpg,0,1,0,0,0,0,0
n11706761_8352_png_jpg.rf.4199822256cfe23a4c81351be126f057.jpg,0,1,0,0,0,0,0
n11706761_8352_png_jpg.rf.64a0d8aab9a60f81e4fd54e769d749c1.jpg,0,1,0,0,0,0,0
n11706761_8352_png_jpg.rf.ac528615843622c7d465ee94c109314e.jpg,0,1,0,0,0,0,0
n11706761_8638_png_jpg.rf.2e1381f1092ff271efa4c02cb817cc08.jpg,0,1,0,0,0,0,0
n11706761_8638_png_jpg.rf.72a39853fc8a100f6eda946d2f4ae812.jpg,0,1,0,0,0,0,0
n11706761_8638_png_jpg.rf.8aee329af3ed29ecc59d66f8f2ba7b37.jpg,0,1,0,0,0,0,0
n12710693_10555_png_jpg.rf.408076f138b9c62644fa4fdd2820fa66.jpg,0,0,0,0,1,0,0
n12710693_10555_png_jpg.rf.425610e599da0fd0568c4d9ecf0be54f.jpg,0,0,0,0,1,0,0
n12710693_10555_png_jpg.rf.f98b50dde63be10f2c6ad3fa2cd1ab5e.jpg,0,0,0,0,1,0,0
n12710693_11342_png_jpg.rf.039fd59ae82d8442d93d8e738f37e9fe.jpg,0,0,0,0,1,0,0
n12710693_11342_png_jpg.rf.3955e9ec8a7d9db6f0124d272395b51e.jpg,0,0,0,0,1,0,0
n12710693_11342_png_jpg.rf.da770958b04dea7ee5c9a37a41c7d3a3.jpg,0,0,0,0,1,0,0
n12710693_1211_png_jpg.rf.67546c6ff148e11bd63a43fcfbfd791d.jpg,0,0,0,0,1,0,0
n12710693_1211_png_jpg.rf.a3e2e9e6451c503fcaed219f6d8e5e50.jpg,0,0,0,0,1,0,0
n12710693_1211_png_jpg.rf.f7284a389fb95463b19e409e4ff6e57a.jpg,0,0,0,0,1,0,0
n12710693_12500_png_jpg.rf.779beec0dce8702ddd080d4f43ac2558.jpg,0,0,0,0,1,0,0
n12710693_12500_png_jpg.rf.7ce74fcea4fd80c48410b896b857a6d9.jpg,0,0,0,0,1,0,0
n12710693_12500_png_jpg.rf.c8ebda6dd9b816292ccf64907c78bc10.jpg,0,0,0,0,1,0,0
n12710693_13602_png_jpg.rf.647472af8148b1af7384fa09d13326c3.jpg,0,0,0,0,1,0,0
n12710693_13602_png_jpg.rf.e44da5be1b44710c27dd29695db2de2f.jpg,0,0,0,0,1,0,0
n12710693_13602_png_jpg.rf.fdeadd77aca53d58f27a09fa0b2ce50b.jpg,0,0,0,0,1,0,0
n12710693_13651_png_jpg.rf.4f2fbd43f1559133527122c56da246d2.jpg,0,0,0,0,1,0,0
n12710693_13651_png_jpg.rf.bcbd8d7c1892ee818cbbff0a068be854.jpg,0,0,0,0,1,0,0
n12710693_13651_png_jpg.rf.bd8af0bdfa487bc56c9a8edcc6e5c3c1.jpg,0,0,0,0,1,0,0
n12710693_14559_png_jpg.rf.7b7fef8f6e0eaad588905c0b0fc9442d.jpg,0,0,0,0,1,0,0
n12710693_14559_png_jpg.rf.cbbb669f4fd97912565fd1bfc40a2edc.jpg,0,0,0,0,1,0,0
n12710693_14559_png_jpg.rf.ea043a1d26ecbb0ea506d834980a862f.jpg,0,0,0,0,1,0,0
n12710693_14626_png_jpg.rf.0c415183fb1116e93294d2f70c0da460.jpg,0,0,0,0,1,0,0
n12710693_14626_png_jpg.rf.bbdc749b3c8778d235c704121df6cb67.jpg,0,0,0,0,1,0,0
n12710693_14626_png_jpg.rf.caa8dadc869c77709349e1d4791f9a1c.jpg,0,0,0,0,1,0,0
n12710693_14907_png_jpg.rf.0aad5cb0ba0b708be9ce510846706913.jpg,0,0,0,0,1,0,0
n12710693_14907_png_jpg.rf.a834733d3b8d94f4ed71b4471f79c7e9.jpg,0,0,0,0,1,0,0
n12710693_14907_png_jpg.rf.d16703ea1fc2311c09e5b87d67d239e7.jpg,0,0,0,0,1,0,0
n12710693_15323_png_jpg.rf.502f15394e199ef861991ce3a83d35f0.jpg,0,0,0,0,1,0,0
n12710693_15323_png_jpg.rf.b708569cfa04e8f16c721e4537972866.jpg,0,0,0,0,1,0,0
n12710693_15323_png_jpg.rf.d3116bc536cb9d453ccea962fee91b9a.jpg,0,0,0,0,1,0,0
n12710693_15877_png_jpg.rf.79fe903d270b37d207b608546f936d65.jpg,0,0,0,0,1,0,0
n12710693_15877_png_jpg.rf.b140585e2f6f2f953895bace1132fe62.jpg,0,0,0,0,1,0,0
n12710693_15877_png_jpg.rf.f58834122aa91addc931c80f1ab5b409.jpg,0,0,0,0,1,0,0
n12710693_15980_png_jpg.rf.0d53e8d5f6862e2004f768ee35efd703.jpg,0,0,0,0,1,0,0
n12710693_15980_png_jpg.rf.804d5567a1ff5f00e7394c5a5798db76.jpg,0,0,0,0,1,0,0
n12710693_15980_png_jpg.rf.ff7437738bf57b8481349326e4490646.jpg,0,0,0,0,1,0,0
n12710693_16167_png_jpg.rf.2088479db7b1860c708d1a111675cb70.jpg,0,0,0,0,1,0,0
n12710693_16167_png_jpg.rf.3f3ee4257616a359eff9d8c8c7cef321.jpg,0,0,0,0,1,0,0
n12710693_16167_png_jpg.rf.487637b1dd21c8b77a91a565e8de126d.jpg,0,0,0,0,1,0,0
n12710693_16214_png_jpg.rf.1580cd4ad17dcd16a7e88fa411930541.jpg,0,0,0,0,1,0,0
n12710693_16214_png_jpg.rf.82366e4ac25e2cf8077165167631a4d7.jpg,0,0,0,0,1,0,0
n12710693_16214_png_jpg.rf.a88463b26efb1a625cc04edc57cef3f8.jpg,0,0,0,0,1,0,0
n12710693_17841_png_jpg.rf.716423cb77b2996d021712e098dda3c1.jpg,0,0,0,0,1,0,0
n12710693_17841_png_jpg.rf.9dba0de6942da78a63b12392f279d0b3.jpg,0,0,0,0,1,0,0
n12710693_17841_png_jpg.rf.bfc3fa205de5ba1e5403e0215544f2f4.jpg,0,0,0,0,1,0,0
n12710693_18665_png_jpg.rf.41436fb429b8200bcef7b3871be231b4.jpg,0,0,0,0,1,0,0
n12710693_18665_png_jpg.rf.4b418a11cbc538ef7ffa4cc314ffb833.jpg,0,0,0,0,1,0,0
n12710693_18665_png_jpg.rf.c2bf93ea8c3f2262f492d485b1c0d1a2.jpg,0,0,0,0,1,0,0
n12710693_2894_png_jpg.rf.866d5a597c99e92507571b90cc934e7b.jpg,0,0,0,0,1,0,0
n12710693_2894_png_jpg.rf.d51b7699e6c56bef9151f4a0a59ecc61.jpg,0,0,0,0,1,0,0
n12710693_2894_png_jpg.rf.dd71074aa28beba097d5fd0c92cd52c8.jpg,0,0,0,0,1,0,0
n12710693_327_png_jpg.rf.3cc634e93e2c730483d25832ae9cd3b3.jpg,0,0,0,0,1,0,0
n12710693_327_png_jpg.rf.9620a5a1c29e10529ba82254ce8bb0af.jpg,0,0,0,0,1,0,0
n12710693_327_png_jpg.rf.b5f7a0ae1fb398282f272e4714baa6c3.jpg,0,0,0,0,1,0,0
n12710693_3969_png_jpg.rf.0dc87a90ae15363473a8a7c5147161b2.jpg,0,0,0,0,1,0,0
n12710693_3969_png_jpg.rf.1f45af108174fd5b525f63dba66ec1c7.jpg,0,0,0,0,1,0,0
n12710693_3969_png_jpg.rf.fad77e8014a13823bc09c6b5a897d44e.jpg,0,0,0,0,1,0,0
n12710693_4433_png_jpg.rf.2ef68f7cc870901523ca6c979c24fb62.jpg,0,0,0,0,1,0,0
n12710693_4433_png_jpg.rf.7cf013efa6246fe9d20d993649f9745e.jpg,0,0,0,0,1,0,0
n12710693_4433_png_jpg.rf.cbad38377ef31e8c2868a9e9e9e2f7e5.jpg,0,0,0,0,1,0,0
n12710693_4445_png_jpg.rf.37723f8837129fd0be61ae37cdc9398b.jpg,0,0,0,0,1,0,0
n12710693_4445_png_jpg.rf.7547999095d2979e533ea130a60c239e.jpg,0,0,0,0,1,0,0
n12710693_4445_png_jpg.rf.da6afc3c3de86fd641defe659b4c6c9d.jpg,0,0,0,0,1,0,0
n12710693_4630_png_jpg.rf.6a3d0d4fa1fe3267ab2d4ab501d6add6.jpg,0,0,0,0,1,0,0
n12710693_4630_png_jpg.rf.84ad365e32e8d259460eee5219a4927e.jpg,0,0,0,0,1,0,0
n12710693_4630_png_jpg.rf.c7cf544042898cf190178529474ef40c.jpg,0,0,0,0,1,0,0
n12710693_4843_png_jpg.rf.332990d3693c140be6d1f6ae51185bd1.jpg,0,0,0,0,1,0,0
n12710693_4843_png_jpg.rf.b1dc5ab918382f1e3289db7bb2aa66e7.jpg,0,0,0,0,1,0,0
n12710693_4843_png_jpg.rf.e97b2bbf2ca7ec4a97cca37560eb510e.jpg,0,0,0,0,1,0,0
n12710693_4896_png_jpg.rf.4b05157d3b57a6db864bcc5e3b9b1a91.jpg,0,0,0,0,1,0,0
n12710693_4896_png_jpg.rf.76b2ef0c3fe26216094912101e8d9f11.jpg,0,0,0,0,1,0,0
n12710693_4896_png_jpg.rf.e3abcb017dd2018052b2148222334e01.jpg,0,0,0,0,1,0,0
n12710693_4940_png_jpg.rf.6e704be603ed8a6d24e64624d0b73844.jpg,0,0,0,0,1,0,0
n12710693_4940_png_jpg.rf.7a2e419863e349f9b973a35b492beb0e.jpg,0,0,0,0,1,0,0
n12710693_4940_png_jpg.rf.bc18b3178ade9ab0f43e271be1d75f1b.jpg,0,0,0,0,1,0,0
n12710693_5020_png_jpg.rf.1f19711eafd10c533ac9a5b48e4f5bb6.jpg,0,0,0,0,1,0,0
n12710693_5020_png_jpg.rf.9c193e1da99773cf4fb4dbabf4e5e77b.jpg,0,0,0,0,1,0,0
n12710693_5020_png_jpg.rf.f19c9bdb49b907d393c6cb467579ea4b.jpg,0,0,0,0,1,0,0
n12710693_5048_png_jpg.rf.8da44f5a9b2e83bc57d70868315f2f68.jpg,0,0,0,0,1,0,0
n12710693_5048_png_jpg.rf.dea4b88d14761c38e89c20857951b162.jpg,0,0,0,0,1,0,0
n12710693_5048_png_jpg.rf.e184904a12dcd56dad3a0ae9c95a91c6.jpg,0,0,0,0,1,0,0
n12710693_5711_png_jpg.rf.90323d67b3f89a3a9aba821b9da51f86.jpg,0,0,0,0,1,0,0
n12710693_5711_png_jpg.rf.bbc075572aa14690cadad0feaefd367d.jpg,0,0,0,0,1,0,0
n12710693_5711_png_jpg.rf.db601772676284acc6d20a422beaeb42.jpg,0,0,0,0,1,0,0
n12710693_6137_png_jpg.rf.59f3a74a6232d825c3891bac888c65a3.jpg,0,0,0,0,1,0,0
n12710693_6137_png_jpg.rf.ab971d05d5c5b6ad3b9549f9063cd1c5.jpg,0,0,0,0,1,0,0
n12710693_6137_png_jpg.rf.d9a77bd252ab3f0b5fe71e1bbd09a29f.jpg,0,0,0,0,1,0,0
n12710693_701_png_jpg.rf.71541351626b6bfacdab92e4118ca4be.jpg,0,0,0,0,1,0,0
n12710693_701_png_jpg.rf.b3c1da48e505005627edb4ef44033c35.jpg,0,0,0,0,1,0,0
n12710693_701_png_jpg.rf.cd0468956405bdfa4f064a787c21e906.jpg,0,0,0,0,1,0,0
n12710693_7386_png_jpg.rf.7f36fc1b725ac236d23d87840e88df41.jpg,0,0,0,0,1,0,0
n12710693_7386_png_jpg.rf.91943738cbc24e40313f992f51058bf2.jpg,0,0,0,0,1,0,0
n12710693_7386_png_jpg.rf.d11f63bda42396bee167a81cf8edacbe.jpg,0,0,0,0,1,0,0
n12710693_750_png_jpg.rf.1533ce4429639fd7fdb205c5278c71b9.jpg,0,0,0,0,1,0,0
n12710693_750_png_jpg.rf.cb74c8172535ec1c6b57166842f467ad.jpg,0,0,0,0,1,0,0
n12710693_750_png_jpg.rf.f2eff98133916ac2e21c5bf2709b1324.jpg,0,0,0,0,1,0,0
n12710693_8280_png_jpg.rf.43835b6bbffa7c33534bf38beb2782d7.jpg,0,0,0,0,1,0,0
n12710693_8280_png_jpg.rf.b460f404d36086e23183170a9467436c.jpg,0,0,0,0,1,0,0
n12710693_8280_png_jpg.rf.f37ac8d4044cbefd0e584bd10620e247.jpg,0,0,0,0,1,0,0
n12710693_955_png_jpg.rf.1fd134bfa53d1359621612e11bdb632e.jpg,0,0,0,0,1,0,0
n12710693_955_png_jpg.rf.4db8b8f77d734138cc92a1e8cace52b9.jpg,0,0,0,0,1,0,0
n12710693_955_png_jpg.rf.fe1e8b43b208e89b78ff30f9f7326c3d.jpg,0,0,0,0,1,0,0
n12710693_9822_png_jpg.rf.146c2bc27246a873765ae1923ea7be63.jpg,0,0,0,0,1,0,0
n12710693_9822_png_jpg.rf.3f4a35770c03357ebd274c6f644027b9.jpg,0,0,0,0,1,0,0
n12710693_9822_png_jpg.rf.630f77096700d12830a3ee86327e8a3d.jpg,0,0,0,0,1,0,0
n12761284_10405_png_jpg.rf.24ef92f10be96c4f145381ef8760011a.jpg,0,0,0,1,0,0,0
n12761284_10405_png_jpg.rf.330caeab55246157eb74305bb9508ad7.jpg,0,0,0,1,0,0,0
n12761284_10405_png_jpg.rf.86093cd9334417826193625ec9be1e3a.jpg,0,0,0,1,0,0,0
n12761284_10809_png_jpg.rf.463d52cedacb86c324b9f7ed4e3d5674.jpg,0,0,0,1,0,0,0
n12761284_10809_png_jpg.rf.554201392d9b7f067ebae286a14c5481.jpg,0,0,0,1,0,0,0
n12761284_10809_png_jpg.rf.c8e7dfd217e6edd65ae8404ac8113d47.jpg,0,0,0,1,0,0,0
n12761284_1119_png_jpg.rf.18d1072c8fd2c4f187a02ec016c4ecca.jpg,0,0,0,1,0,0,0
n12761284_1119_png_jpg.rf.22118f8c69bcf7a4429e320e1229fb26.jpg,0,0,0,1,0,0,0
n12761284_1119_png_jpg.rf.82964823a94211967f026f972a75cf17.jpg,0,0,0,1,0,0,0
n12761284_11344_png_jpg.rf.3d0ce8ceceac1886e7c1c5634ba8200b.jpg,0,0,0,1,0,0,0
n12761284_11344_png_jpg.rf.4fee03df6c38e50812c0566c6212e074.jpg,0,0,0,1,0,0,0
n12761284_11344_png_jpg.rf.c377cb67d9ae546f9afc18a753b0edda.jpg,0,0,0,1,0,0,0
n12761284_11467_png_jpg.rf.1f2322605589c4a68553142447c89088.jpg,0,0,0,1,0,0,0
n12761284_11467_png_jpg.rf.3e92e9f398bc05ffe5d09c21b4fee698.jpg,0,0,0,1,0,0,0
n12761284_11467_png_jpg.rf.4cb7ade795222cb48314e1f196fa7d77.jpg,0,0,0,1,0,0,0
n12761284_11504_png_jpg.rf.82c29e8e9a38c21a66556c98d23fef87.jpg,0,0,0,1,0,0,0
n12761284_11504_png_jpg.rf.90167d708eabf6bb89c2d08b25b05f9e.jpg,0,0,0,1,0,0,0
n12761284_11504_png_jpg.rf.e006067bfed783bea224365fe4c87b4f.jpg,0,0,0,1,0,0,0
n12761284_11565_png_jpg.rf.791e79eba339333419c609d32b7e2129.jpg,0,0,0,1,0,0,0
n12761284_11565_png_jpg.rf.ced354372754ec0035ecaa844dd59566.jpg,0,0,0,1,0,0,0
n12761284_11565_png_jpg.rf.f6eaa5ea232f5176f2f60e4c3cb0a6b6.jpg,0,0,0,1,0,0,0
n12761284_11779_png_jpg.rf.2977ee32216388f35e4ed647ef6cea88.jpg,0,0,0,1,0,0,0
n12761284_11779_png_jpg.rf.69cb4927fa5a744e6e67ce075cdd1c12.jpg,0,0,0,1,0,0,0
n12761284_11779_png_jpg.rf.f070f0b4da2c1d4ac8daeb1270555ed7.jpg,0,0,0,1,0,0,0
n12761284_12137_png_jpg.rf.2d42c3b0c869f7fedd20e78de0ac40ad.jpg,0,0,0,1,0,0,0
n12761284_12137_png_jpg.rf.b71798addfb434984bc562b4bc52ef81.jpg,0,0,0,1,0,0,0
n12761284_12137_png_jpg.rf.ed779e6f6e6859b79908bdf224fb4cb0.jpg,0,0,0,1,0,0,0
n12761284_12371_png_jpg.rf.543dd7b75433ff7d1c4990cc1e385712.jpg,0,0,0,1,0,0,0
n12761284_12371_png_jpg.rf.663df57a84c332af29527972f5ccceae.jpg,0,0,0,1,0,0,0
n12761284_12371_png_jpg.rf.ebca3151346c8a11d79d4b6a8f69c9e1.jpg,0,0,0,1,0,0,0
n12761284_12489_png_jpg.rf.85aecc12cc843ee2adfa2eef2c158b5f.jpg,0,0,0,1,0,0,0
n12761284_12489_png_jpg.rf.cdb4f2f293994db95b6af48a91c574ff.jpg,0,0,0,1,0,0,0
n12761284_12489_png_jpg.rf.de430f47f72a0d43f212db8079d2358c.jpg,0,0,0,1,0,0,0
n12761284_12495_png_jpg.rf.3e10c6efa99ec29f2aababa4383b7d89.jpg,0,0,0,1,0,0,0
n12761284_12495_png_jpg.rf.609b934f00afbbbc617f338f1aa2b39d.jpg,0,0,0,1,0,0,0
n12761284_12495_png_jpg.rf.71401ba27d9a6c903fbce755d6ca41c5.jpg,0,0,0,1,0,0,0
n12761284_1253_png_jpg.rf.4e4166a572bd958fa6e817934b627220.jpg,0,0,0,1,0,0,0
n12761284_1253_png_jpg.rf.94bb3ea4305eccffb52491cea9175334.jpg,0,0,0,1,0,0,0
n12761284_1253_png_jpg.rf.cb502a0aa5da224fe600e3b202e68b6e.jpg,0,0,0,1,0,0,0
n12761284_13001_png_jpg.rf.b30c41b0e7c3d55457b5dc170e9af456.jpg,0,0,0,1,0,0,0
n12761284_13001_png_jpg.rf.bcce2f1f74706e04f6e224199923ba4b.jpg,0,0,0,1,0,0,0
n12761284_13001_png_jpg.rf.e7d04bf681fc532187a0a1ee628b9d89.jpg,0,0,0,1,0,0,0
n12761284_13066_png_jpg.rf.2d2a281931459682436d4a89a63104cd.jpg,0,0,0,1,0,0,0
n12761284_13066_png_jpg.rf.5efe7613620dbcace43fe90bb764fc55.jpg,0,0,0,1,0,0,0
n12761284_13066_png_jpg.rf.77e07b4c8e0b62d4ef0de9becb58b6b8.jpg,0,0,0,1,0,0,0
n12761284_13080_png_jpg.rf.16e009d88712ddf5c9cf4cb83e4e6c56.jpg,0,0,0,1,0,0,0
n12761284_13080_png_jpg.rf.482abc4c2b0ba2cf039582655038e8de.jpg,0,0,0,1,0,0,0
n12761284_13080_png_jpg.rf.a6b0c1fc14ba739fe8a6e5239f777226.jpg,0,0,0,1,0,0,0
n12761284_13109_png_jpg.rf.4cd35309982ac08ed68280534d38c09f.jpg,0,0,0,1,0,0,0
n12761284_13109_png_jpg.rf.732faac11ed7a54960dddb982760c527.jpg,0,0,0,1,0,0,0
n12761284_13109_png_jpg.rf.abe40c64f7b337d64db446fab843e38a.jpg,0,0,0,1,0,0,0
n12761284_1321_png_jpg.rf.49b10783c6e017966430c99efee861a4.jpg,0,0,0,1,0,0,0
n12761284_1321_png_jpg.rf.5010aabde751587c0ad0b90b5ad43cb5.jpg,0,0,0,1,0,0,0
n12761284_1321_png_jpg.rf.6ccc652959da1a5a063bc7099768eadd.jpg,0,0,0,1,0,0,0
n12761284_13247_png_jpg.rf.4bfe0140c77ea234e1d53639a226ebef.jpg,0,0,0,1,0,0,0
n12761284_13247_png_jpg.rf.51049e1afedb616b74b169e022e4d6b6.jpg,0,0,0,1,0,0,0
n12761284_13247_png_jpg.rf.6352891f428bb57dfb9fa481d81a156c.jpg,0,0,0,1,0,0,0
n12761284_13271_png_jpg.rf.99e0dfd7fd7695499911a1e2cb302359.jpg,0,0,0,1,0,0,0
n12761284_13271_png_jpg.rf.aca20bfb22a34e8ec4b67dab9f9188a3.jpg,0,0,0,1,0,0,0
n12761284_13271_png_jpg.rf.c22d4f167c2d470925755daeebec535c.jpg,0,0,0,1,0,0,0
n12761284_13638_png_jpg.rf.08f7dced82eeec21fbcc7c6093f8922a.jpg,0,0,0,1,0,0,0
n12761284_13638_png_jpg.rf.1d695cc5f13d6544452e25ce1b9817c9.jpg,0,0,0,1,0,0,0
n12761284_13638_png_jpg.rf.701665c2a115d41a7b510d2e6806480f.jpg,0,0,0,1,0,0,0
n12761284_13711_png_jpg.rf.9f9425631ed1b53f8aad51ce96f99b8b.jpg,0,0,0,1,0,0,0
n12761284_13711_png_jpg.rf.a39238ddf19d8ae16b4055cb297522e9.jpg,0,0,0,1,0,0,0
n12761284_13711_png_jpg.rf.a87bceee1f3bf1961d7981fe60e0a9ba.jpg,0,0,0,1,0,0,0
n12761284_13770_png_jpg.rf.1a0acb6a3f24f17ff2621818a62b5a2d.jpg,0,0,0,1,0,0,0
n12761284_13770_png_jpg.rf.2024ece76aaea33093f4d86eda515d06.jpg,0,0,0,1,0,0,0
n12761284_13770_png_jpg.rf.fd36b86ba7e30e2e65fa232d737f2b24.jpg,0,0,0,1,0,0,0
n12761284_14326_png_jpg.rf.1fc4bb85c5a4d045cd14471d46fe5035.jpg,0,0,0,1,0,0,0
n12761284_14326_png_jpg.rf.3efa2553a0d4277821b38899bb02056c.jpg,0,0,0,1,0,0,0
n12761284_14326_png_jpg.rf.688712ec6628deb9d923fd2c5ebe0345.jpg,0,0,0,1,0,0,0
n12761284_14810_png_jpg.rf.00c9637379aa6fee5e245d62ddafa099.jpg,0,0,0,1,0,0,0
n12761284_14810_png_jpg.rf.1b73b6baae96524dad47eb28b4cf580a.jpg,0,0,0,1,0,0,0
n12761284_14810_png_jpg.rf.e2bd15e670544e64c706b72bf67527a7.jpg,0,0,0,1,0,0,0
n12761284_15049_png_jpg.rf.2999ed3452638390eb36222b10928044.jpg,0,0,0,1,0,0,0
n12761284_15049_png_jpg.rf.a334c62efd833b0b2434a69e9ac49cfd.jpg,0,0,0,1,0,0,0
n12761284_15049_png_jpg.rf.f5beec75a9f4fa2511a1bc3b8f138fcd.jpg,0,0,0,1,0,0,0
n12761284_15364_png_jpg.rf.2df9096f0dc141fa08559447d5d66f2d.jpg,0,0,0,1,0,0,0
n12761284_15364_png_jpg.rf.31bf4e88e40cdc151e4da5698b48cd1b.jpg,0,0,0,1,0,0,0
n12761284_15364_png_jpg.rf.3d94f39f22b4bc55b9c2f97e8a55cfdd.jpg,0,0,0,1,0,0,0
n12761284_15445_png_jpg.rf.08277640dcf6020005c243d4fbf5a24e.jpg,0,0,0,1,0,0,0
n12761284_15445_png_jpg.rf.2711fb03fef8f52bd1e2ea8d3dc17d27.jpg,0,0,0,1,0,0,0
n12761284_15445_png_jpg.rf.8ac1f9322b10f784c653047093a36100.jpg,0,0,0,1,0,0,0
n12761284_15687_png_jpg.rf.5da070fdcb400d1d54d3951a282e558c.jpg,0,0,0,1,0,0,0
n12761284_15687_png_jpg.rf.a8350d585363b6d294065ac3f4fed6a1.jpg,0,0,0,1,0,0,0
n12761284_15687_png_jpg.rf.df740b219bd8810aa59c9d1204f404fa.jpg,0,0,0,1,0,0,0
n12761284_16101_png_jpg.rf.59c27f61dc1e20480519d1a9045fda6c.jpg,0,0,0,1,0,0,0
n12761284_16101_png_jpg.rf.64f2ee989ba9ea0c1c2f90e7461ddc38.jpg,0,0,0,1,0,0,0
n12761284_16101_png_jpg.rf.977a5e764233590d268c37c10f407e2d.jpg,0,0,0,1,0,0,0
n12761284_1611_png_jpg.rf.111c4622f69651fa4a590b46304495b1.jpg,0,0,0,1,0,0,0
n12761284_1611_png_jpg.rf.568841a6d13079c8cd242c39f2d3baf3.jpg,0,0,0,1,0,0,0
n12761284_1611_png_jpg.rf.95941c876bd2385c7696753eb5f9645d.jpg,0,0,0,1,0,0,0
n12761284_16365_png_jpg.rf.38b8e73963d32e6b8a2ad1dbef6c2ee5.jpg,0,0,0,1,0,0,0
n12761284_16365_png_jpg.rf.90aaea4b3424425c5f3da72d0e00a5d7.jpg,0,0,0,1,0,0,0
n12761284_16365_png_jpg.rf.9df4cae906906b6560d637ae83742de9.jpg,0,0,0,1,0,0,0
n12761284_1656_png_jpg.rf.2e13028857f21a551c42b4091f2aed2c.jpg,0,0,0,1,0,0,0
n12761284_1656_png_jpg.rf.dec65dabc7caea804566d9457809cea5.jpg,0,0,0,1,0,0,0
n12761284_1656_png_jpg.rf.f8962d6a3703dfa0f32756bdff069da9.jpg,0,0,0,1,0,0,0
n12761284_16916_png_jpg.rf.107d901023d0de99a81a961b373d1a63.jpg,0,0,0,1,0,0,0
n12761284_16916_png_jpg.rf.2ec7151aaa2670a5aa34cc4557c33336.jpg,0,0,0,1,0,0,0
n12761284_16916_png_jpg.rf.a4219170af535e8f4377073d1c736396.jpg,0,0,0,1,0,0,0
n12761284_16961_png_jpg.rf.37939776b198cb681b335c29371d88c1.jpg,0,0,0,1,0,0,0
n12761284_16961_png_jpg.rf.94068c9f6ab82058bdfc3be0dd1d0f47.jpg,0,0,0,1,0,0,0
n12761284_16961_png_jpg.rf.fced2bd51e15adfbd675676552af96a4.jpg,0,0,0,1,0,0,0
n12761284_16964_png_jpg.rf.879740496c9b44a14c143e7d4c15f979.jpg,0,0,0,1,0,0,0
n12761284_16964_png_jpg.rf.cabe5b1adb7a1d33986ef4c728e59cd0.jpg,0,0,0,1,0,0,0
n12761284_16964_png_jpg.rf.eed5bb2da6940615afcf3333cfd76309.jpg,0,0,0,1,0,0,0
n12761284_17178_png_jpg.rf.171f5b3a7e2bd9d81c5ef64680cf83ae.jpg,0,0,0,1,0,0,0
n12761284_17178_png_jpg.rf.8dbadb6777678429d39bbd3732c9a0e2.jpg,0,0,0,1,0,0,0
n12761284_17178_png_jpg.rf.bdcb6c64591da11a1690558bb1df85a6.jpg,0,0,0,1,0,0,0
n12761284_17821_png_jpg.rf.49427e90db585044d5f490478916dc26.jpg,0,0,0,1,0,0,0
n12761284_17821_png_jpg.rf.8d4b4a9e94ce665dd7ffcae2d0b0a42c.jpg,0,0,0,1,0,0,0
n12761284_17821_png_jpg.rf.f1d72b40dd13c30c33abe9d7c3010a11.jpg,0,0,0,1,0,0,0
n12761284_1796_png_jpg.rf.9cec3f437ee14ffd04aadf975f1018c3.jpg,0,0,0,1,0,0,0
n12761284_1796_png_jpg.rf.aa68845a409f94b0f05c505ea99d3569.jpg,0,0,0,1,0,0,0
n12761284_1796_png_jpg.rf.ed28d11efd351414dd422a3358f0d723.jpg,0,0,0,1,0,0,0
n12761284_18160_png_jpg.rf.2308c6574d8b0179c5f3592316f1ed8a.jpg,0,0,0,1,0,0,0
n12761284_18160_png_jpg.rf.8b8d967ec4b9913bb4c1b7a198881764.jpg,0,0,0,1,0,0,0
n12761284_18160_png_jpg.rf.9320281a452790e2b9a47b918609b868.jpg,0,0,0,1,0,0,0
n12761284_2068_png_jpg.rf.7fd2e8f1cb0da22adaa70159ba642463.jpg,0,0,0,1,0,0,0
n12761284_2068_png_jpg.rf.a0ab735570ed78b40b5d65ae06d234f9.jpg,0,0,0,1,0,0,0
n12761284_2068_png_jpg.rf.cdc37a14e50f44377ed5368daf12c560.jpg,0,0,0,1,0,0,0
n12761284_2269_png_jpg.rf.052c290878b4b81241c360ecc4da25d7.jpg,0,0,0,1,0,0,0
n12761284_2269_png_jpg.rf.a32ef412128b6e8b4dfd7fd73c1e0be1.jpg,0,0,0,1,0,0,0
n12761284_2269_png_jpg.rf.db34f3a001bd199ab665fa80e455ab8f.jpg,0,0,0,1,0,0,0
n12761284_2461_png_jpg.rf.96217f715703ca4d4558e5a625e062fd.jpg,0,0,0,1,0,0,0
n12761284_2461_png_jpg.rf.c013026799a35587cbe5da5c1a41bb2d.jpg,0,0,0,1,0,0,0
n12761284_2461_png_jpg.rf.fbf788c9128b460b227c2791e3748e2d.jpg,0,0,0,1,0,0,0
n12761284_263_png_jpg.rf.060f5e8de2d003e64dfa3a2e60611545.jpg,0,0,0,1,0,0,0
n12761284_263_png_jpg.rf.23ddf9b0e162e03f6f42ce3a24896364.jpg,0,0,0,1,0,0,0
n12761284_263_png_jpg.rf.722719b593e13d1dfe8391473fdc379e.jpg,0,0,0,1,0,0,0
n12761284_2679_png_jpg.rf.bb41f6e9147e05e7a7aba95fe3a7b590.jpg,0,0,0,1,0,0,0
n12761284_2679_png_jpg.rf.c1a11a9837d75f58a56397d04cbbd79f.jpg,0,0,0,1,0,0,0
n12761284_2679_png_jpg.rf.d07212abd73cd934de947c419fd0e5c8.jpg,0,0,0,1,0,0,0
n12761284_2720_png_jpg.rf.2349d73ae11cbb2b42f0fbcc81a134e4.jpg,0,0,0,1,0,0,0
n12761284_2720_png_jpg.rf.8b134e820ee1a5c4296a7cd37ef6ea65.jpg,0,0,0,1,0,0,0
n12761284_2720_png_jpg.rf.98cb00f256d2e4059ed7161660a94e23.jpg,0,0,0,1,0,0,0
n12761284_2801_png_jpg.rf.4be07de531bb20e28657b1522fde097d.jpg,0,0,0,1,0,0,0
n12761284_2801_png_jpg.rf.635466669bbc89d5bfaf0e3460c708b9.jpg,0,0,0,1,0,0,0
n12761284_2801_png_jpg.rf.ff248dd2ddb37b0bf016fc5ee39cac87.jpg,0,0,0,1,0,0,0
n12761284_2916_png_jpg.rf.1ef6a87acb31346a1643c70c4417547c.jpg,0,0,0,1,0,0,0
n12761284_2916_png_jpg.rf.9c698ea7e30404a13a18fffa780e3c67.jpg,0,0,0,1,0,0,0
n12761284_2916_png_jpg.rf.add6f2616052934d4a2517f40604ad3c.jpg,0,0,0,1,0,0,0
n12761284_2967_png_jpg.rf.19b130663cff2ca3c271e8067df7594a.jpg,0,0,0,1,0,0,0
n12761284_2967_png_jpg.rf.adbb0fdba6722ea36e3c4abb2ad62960.jpg,0,0,0,1,0,0,0
n12761284_2967_png_jpg.rf.e567ad5e98d05de71d56135439dd3c7b.jpg,0,0,0,1,0,0,0
n12761284_2968_png_jpg.rf.1164d659a4e2ec1cea6419b5662ee235.jpg,0,0,0,1,0,0,0
n12761284_2968_png_jpg.rf.27c7dee2c5f1c304a66f625de9bd88bf.jpg,0,0,0,1,0,0,0
n12761284_2968_png_jpg.rf.e5509e7487585db5df77d2524f811596.jpg,0,0,0,1,0,0,0
n12761284_296_png_jpg.rf.27cf8806b00c632021afa9b9dee43201.jpg,0,0,0,1,0,0,0
n12761284_296_png_jpg.rf.e14769f2abc1cc33001d5935dece31eb.jpg,0,0,0,1,0,0,0
n12761284_296_png_jpg.rf.fb6398684afad06999daf0d85041bb95.jpg,0,0,0,1,0,0,0
n12761284_3261_png_jpg.rf.3c14f54324aa3fb151ef435e0bbb4277.jpg,0,0,0,1,0,0,0
n12761284_3261_png_jpg.rf.74a993dcc3402004fb4fde8ee879f45c.jpg,0,0,0,1,0,0,0
n12761284_3261_png_jpg.rf.c4b30b428866f350421d5160f55cd2b4.jpg,0,0,0,1,0,0,0
n12761284_3395_png_jpg.rf.2bf8fbd457dc8ab4e7226087ec28a893.jpg,0,0,0,1,0,0,0
n12761284_3395_png_jpg.rf.8a3faa365674fca63db8cc3508a6948d.jpg,0,0,0,1,0,0,0
n12761284_3395_png_jpg.rf.fdc68ce5e0c26044d51242b26806aa6f.jpg,0,0,0,1,0,0,0
n12761284_3398_png_jpg.rf.0c34d79d3922faf31d099354c8a420a4.jpg,0,0,0,1,0,0,0
n12761284_3398_png_jpg.rf.0d261537b80adca08588ad1b500814c5.jpg,0,0,0,1,0,0,0
n12761284_3398_png_jpg.rf.6f5e35abb257760785ec20e4e54d35a9.jpg,0,0,0,1,0,0,0
n12761284_3409_png_jpg.rf.438c16198b41fb7f424e375b783d3f1a.jpg,0,0,0,1,0,0,0
n12761284_3409_png_jpg.rf.612a75a461a1b644c5a25899df227aee.jpg,0,0,0,1,0,0,0
n12761284_3409_png_jpg.rf.7bd603f34578319a650b0b3a9f3c5a3b.jpg,0,0,0,1,0,0,0
n12761284_341_png_jpg.rf.4f61df25fe11901f01ad053d615ba887.jpg,0,0,0,1,0,0,0
n12761284_341_png_jpg.rf.5a6581347e10bd9ffa191a90cf663e21.jpg,0,0,0,1,0,0,0
n12761284_341_png_jpg.rf.9a466aee9b869aaeddab7851bea103d6.jpg,0,0,0,1,0,0,0
n12761284_3431_png_jpg.rf.b9f44e8aee8df85be1d4b5ffa7bf691f.jpg,0,0,0,1,0,0,0
n12761284_3431_png_jpg.rf.d342c739252c759767287cff78bea8e2.jpg,0,0,0,1,0,0,0
n12761284_3431_png_jpg.rf.f6ea1813ad07109e4ad5c5f298a65ae0.jpg,0,0,0,1,0,0,0
n12761284_3463_png_jpg.rf.3e038434bb2f76a82a0990b158267d18.jpg,0,0,0,1,0,0,0
n12761284_3463_png_jpg.rf.ccbc50a044e12d867c1cad7cddbef71b.jpg,0,0,0,1,0,0,0
n12761284_3463_png_jpg.rf.ea3b5190c1c09b0896b2f47f524b68a1.jpg,0,0,0,1,0,0,0
n12761284_3484_png_jpg.rf.52e7a2a4d2ba1e0af55168472d501fe3.jpg,0,0,0,1,0,0,0
n12761284_3484_png_jpg.rf.d942241d0c619af2f8497da3ae121218.jpg,0,0,0,1,0,0,0
n12761284_3484_png_jpg.rf.fb9dadf5852ba3e56e70c4d6f798012d.jpg,0,0,0,1,0,0,0
n12761284_3511_png_jpg.rf.6f59f5d3213af149323db2270ad894d2.jpg,0,0,0,1,0,0,0
n12761284_3511_png_jpg.rf.8d957e3ad9f9837d7cba581c7af04076.jpg,0,0,0,1,0,0,0
n12761284_3511_png_jpg.rf.acca9852d5bb490f6b6a2055727ddceb.jpg,0,0,0,1,0,0,0
n12761284_3668_png_jpg.rf.2496a6a10c133198e18b36691bd51a21.jpg,0,0,0,1,0,0,0
n12761284_3668_png_jpg.rf.40d0f0a0536eabe78355e7d45c479c22.jpg,0,0,0,1,0,0,0
n12761284_3668_png_jpg.rf.5f01972da348b6bf784bc0d4576628b6.jpg,0,0,0,1,0,0,0
n12761284_3687_png_jpg.rf.30a991807a09a2b4bb7eba677e54f414.jpg,0,0,0,1,0,0,0
n12761284_3687_png_jpg.rf.36d001b838096482d29446cd1e6266b4.jpg,0,0,0,1,0,0,0
n12761284_3687_png_jpg.rf.b62489a46f94a3de0c764902e0f6e03f.jpg,0,0,0,1,0,0,0
n12761284_3764_png_jpg.rf.4aec6837cab4e7483704f08dc0576b4b.jpg,0,0,0,1,0,0,0
n12761284_3764_png_jpg.rf.a5ea43722d0242f7b4db0ad783dc98da.jpg,0,0,0,1,0,0,0
n12761284_3764_png_jpg.rf.d4ed42a6a5b5c101641247b5ce5332f7.jpg,0,0,0,1,0,0,0
n12761284_3938_png_jpg.rf.46536346007079ab38cfc15b798e9362.jpg,0,0,0,1,0,0,0
n12761284_3938_png_jpg.rf.f306de73b544e715a240dc860f4a45a7.jpg,0,0,0,1,0,0,0
n12761284_3938_png_jpg.rf.f92ab181dee98e9a04a8e12f509db6e7.jpg,0,0,0,1,0,0,0
n12761284_3963_png_jpg.rf.50b062bf4b5714992ab5c33e958e579c.jpg,0,0,0,1,0,0,0
n12761284_3963_png_jpg.rf.674e897443bda7fd563d57f266c743b2.jpg,0,0,0,1,0,0,0
n12761284_3963_png_jpg.rf.a5864878dbf55ee8361a33eda8362c56.jpg,0,0,0,1,0,0,0
n12761284_4274_png_jpg.rf.59456c93c820e3f4a13f2ee4779ac288.jpg,0,0,0,1,0,0,0
n12761284_4274_png_jpg.rf.7badc1fc66c3ce24adc36e93dd64b22e.jpg,0,0,0,1,0,0,0
n12761284_4274_png_jpg.rf.e19d7097efdc5dc592902181d9b67efd.jpg,0,0,0,1,0,0,0
n12761284_4318_png_jpg.rf.acb9ba9ef808665291cb825541b43aea.jpg,0,0,0,1,0,0,0
n12761284_4318_png_jpg.rf.cb822a4fd9db15a3108d028d25c55a5c.jpg,0,0,0,1,0,0,0
n12761284_4318_png_jpg.rf.e8e4e2876f8076e67ee33c017e971bcf.jpg,0,0,0,1,0,0,0
n12761284_4480_png_jpg.rf.15eef40056b790f78582f9fd8c94f251.jpg,0,0,0,1,0,0,0
n12761284_4480_png_jpg.rf.1a4822639d6c5af31bc21b19b3f8ab3a.jpg,0,0,0,1,0,0,0
n12761284_4480_png_jpg.rf.e6997ad42d12adc2d2074572fd7a31ec.jpg,0,0,0,1,0,0,0
n12761284_4543_png_jpg.rf.3f881907892a99523c87924b4a37875c.jpg,0,0,0,1,0,0,0
n12761284_4543_png_jpg.rf.874b81db3d3a4b02b772632d19faea94.jpg,0,0,0,1,0,0,0
n12761284_4543_png_jpg.rf.9811fb65a61504c3b2f93bf0864e0a1e.jpg,0,0,0,1,0,0,0
n12761284_4711_png_jpg.rf.1e818258d8be9ba0bb20f931fa293247.jpg,0,0,0,1,0,0,0
n12761284_4711_png_jpg.rf.49c654545dcd877f90716cfb0bca9067.jpg,0,0,0,1,0,0,0
n12761284_4711_png_jpg.rf.eaedffecd646475ee9a59cac11bdc5c5.jpg,0,0,0,1,0,0,0
n12761284_5030_png_jpg.rf.14795ad7abaffed4a3b2861dac169710.jpg,0,0,0,1,0,0,0
n12761284_5030_png_jpg.rf.16055a78dbb9e08c7a2435b66a741087.jpg,0,0,0,1,0,0,0
n12761284_5030_png_jpg.rf.b328a291cdfdae6d13aaadffd6b25fed.jpg,0,0,0,1,0,0,0
n12761284_5059_png_jpg.rf.2dc1a271ad2c09056ad36d927847a0b5.jpg,0,0,0,1,0,0,0
n12761284_5059_png_jpg.rf.9ce0a0363952a73b8b2432fdbe264a48.jpg,0,0,0,1,0,0,0
n12761284_5059_png_jpg.rf.f7458b6cff671c0c75be3fe8529e3594.jpg,0,0,0,1,0,0,0
n12761284_515_png_jpg.rf.08c6d422eeecafc60279c193b6ee684b.jpg,0,0,0,1,0,0,0
n12761284_515_png_jpg.rf.82ea47e7b3fc31b6da29f2cc24ea3757.jpg,0,0,0,1,0,0,0
n12761284_515_png_jpg.rf.adbf9ff20c6af9d2cf880e5d49ee092d.jpg,0,0,0,1,0,0,0
n12761284_5450_png_jpg.rf.4c06a6e9315d8c69f5bed44a3eff6a27.jpg,0,0,0,1,0,0,0
n12761284_5450_png_jpg.rf.64b3a709984b5a5d51a45336eb8681cf.jpg,0,0,0,1,0,0,0
n12761284_5450_png_jpg.rf.a31de13dd3e826fb40449bc69f82ed51.jpg,0,0,0,1,0,0,0
n12761284_5534_png_jpg.rf.2dc42fe3461c865c9544e0f4cfeaf00b.jpg,0,0,0,1,0,0,0
n12761284_5534_png_jpg.rf.6a0922f48e29d26cdf15945e00860e73.jpg,0,0,0,1,0,0,0
n12761284_5534_png_jpg.rf.b338d138ad841f6657eb1dd92e3193c0.jpg,0,0,0,1,0,0,0
n12761284_5633_png_jpg.rf.bb601931dd76a379cd82ce14e0f63bb8.jpg,0,0,0,1,0,0,0
n12761284_5633_png_jpg.rf.bcc1d11e258a494cc65aa167445b170a.jpg,0,0,0,1,0,0,0
n12761284_5633_png_jpg.rf.fb003e16569b564d017c188a28320ef6.jpg,0,0,0,1,0,0,0
n12761284_5827_png_jpg.rf.6363ecbb1310a36bfb9037098553c96e.jpg,0,0,0,1,0,0,0
n12761284_5827_png_jpg.rf.7e25c1e9d0a19dac23534d5b83a9f281.jpg,0,0,0,1,0,0,0
n12761284_5827_png_jpg.rf.d309a3d4534b42fb7809a26d1c732515.jpg,0,0,0,1,0,0,0
n12761284_5832_png_jpg.rf.41a3bc8ddea9ceb2e157e63a563e43d7.jpg,0,0,0,1,0,0,0
n12761284_5832_png_jpg.rf.6d056844fc402e364f4e6d52c643953d.jpg,0,0,0,1,0,0,0
n12761284_5832_png_jpg.rf.91dc91adf52e9d30dedbd207ea94c942.jpg,0,0,0,1,0,0,0
n12761284_5916_png_jpg.rf.2c7d766ce0771f48335a6cf9e1d89311.jpg,0,0,0,1,0,0,0
n12761284_5916_png_jpg.rf.342b408433746330af695185b1cd2732.jpg,0,0,0,1,0,0,0
n12761284_5916_png_jpg.rf.4837c9e15a541fd9c79124544c5748ee.jpg,0,0,0,1,0,0,0
n12761284_5991_png_jpg.rf.0fbfea8ca4f69fcca9fba7324e35f0ca.jpg,0,0,0,1,0,0,0
n12761284_5991_png_jpg.rf.71bd3e51206be441567aed8b8b359dd7.jpg,0,0,0,1,0,0,0
n12761284_5991_png_jpg.rf.e0adbb80ffb6211063023bf517eda117.jpg,0,0,0,1,0,0,0
n12761284_6160_png_jpg.rf.cb8fde53255488e97d303b26599fa50f.jpg,0,0,0,1,0,0,0
n12761284_6160_png_jpg.rf.ea4dac6fa3539836b742e858368a9c59.jpg,0,0,0,1,0,0,0
n12761284_6160_png_jpg.rf.f9f8edbae25e0a38cb31414a9841fe4d.jpg,0,0,0,1,0,0,0
n12761284_646_png_jpg.rf.1814c048d51e98778c063fa639edad6f.jpg,0,0,0,1,0,0,0
n12761284_646_png_jpg.rf.83a5a5ac839635a05073dee18dc51678.jpg,0,0,0,1,0,0,0
n12761284_646_png_jpg.rf.bfa2060c4e0132e7f93504f7cd23102d.jpg,0,0,0,1,0,0,0
n12761284_6471_png_jpg.rf.94f537401fa58dc6852a44cb01df029e.jpg,0,0,0,1,0,0,0
n12761284_6471_png_jpg.rf.9829e77232c182ad3896c62fd53a9b96.jpg,0,0,0,1,0,0,0
n12761284_6471_png_jpg.rf.a18befae53c6f9b76a35a860e7b17237.jpg,0,0,0,1,0,0,0
n12761284_6492_png_jpg.rf.02343041826b5bb43404c80215d8ddba.jpg,0,0,0,1,0,0,0
n12761284_6492_png_jpg.rf.44b667ca236a9387fd46fc6ac08bb46d.jpg,0,0,0,1,0,0,0
n12761284_6492_png_jpg.rf.659f3f9319f70b079b48609dae5a698e.jpg,0,0,0,1,0,0,0
n12761284_6541_png_jpg.rf.2b5a7305511da2344bc7b6d175f31cf4.jpg,0,0,0,1,0,0,0
n12761284_6541_png_jpg.rf.780d4935c20ec6e7cf6aa474181fdc46.jpg,0,0,0,1,0,0,0
n12761284_6541_png_jpg.rf.b3e1c3d8d042cd9e57190ee4cc37106b.jpg,0,0,0,1,0,0,0
n12761284_671_png_jpg.rf.2f87902ad54958e800fb1e08cf7f4245.jpg,0,0,0,1,0,0,0
n12761284_671_png_jpg.rf.5301920e7c78be8812310891e7f15919.jpg,0,0,0,1,0,0,0
n12761284_671_png_jpg.rf.5d5d14e1705abdd6f9e554c551a4ff0f.jpg,0,0,0,1,0,0,0
n12761284_673_png_jpg.rf.0992c4fa586b8ecbcd795ebb2f46b1b4.jpg,0,0,0,1,0,0,0
n12761284_673_png_jpg.rf.5ad86ba7f35c087f087fc6288db57fa7.jpg,0,0,0,1,0,0,0
n12761284_673_png_jpg.rf.6bfcfba85300846ecaf83595b74c5f45.jpg,0,0,0,1,0,0,0
n12761284_6763_png_jpg.rf.57feb85b47b330003cdc1408b79ec107.jpg,0,0,0,1,0,0,0
n12761284_6763_png_jpg.rf.c7125bc2d3abde44b3ed8c288d7fc548.jpg,0,0,0,1,0,0,0
n12761284_6763_png_jpg.rf.d85f06a08bf99e5aae4dbb4de5280b15.jpg,0,0,0,1,0,0,0
n12761284_6836_png_jpg.rf.1a6f87977621b4bf02b88f8f445fc3ca.jpg,0,0,0,1,0,0,0
n12761284_6836_png_jpg.rf.2d492e401717a2c70a83427c7b059c68.jpg,0,0,0,1,0,0,0
n12761284_6836_png_jpg.rf.b81da3df86626f3824f27577d0c0faa5.jpg,0,0,0,1,0,0,0
n12761284_7177_png_jpg.rf.083cad25b93ae769d87d5f19d1f1999b.jpg,0,0,0,1,0,0,0
n12761284_7177_png_jpg.rf.60991a2c2217a88e5894735b0cd4722c.jpg,0,0,0,1,0,0,0
n12761284_7177_png_jpg.rf.6d99d3c6efcb5a50dd4998ed6047e50e.jpg,0,0,0,1,0,0,0
n12761284_7273_png_jpg.rf.1a65b52c06834c7fc1fd96d794c6de80.jpg,0,0,0,1,0,0,0
n12761284_7273_png_jpg.rf.4c1f1e402bae6dfe4d7698d297418497.jpg,0,0,0,1,0,0,0
n12761284_7273_png_jpg.rf.a0a22f8e0b925b035d4b1f7ced834e68.jpg,0,0,0,1,0,0,0
n12761284_7285_png_jpg.rf.38b151ec3fe368987250b6eb7db87498.jpg,0,0,0,1,0,0,0
n12761284_7285_png_jpg.rf.718d1b1a2cde40e5bb4348e9f94f28c6.jpg,0,0,0,1,0,0,0
n12761284_7285_png_jpg.rf.e923134b413f1a8a3b7f5f7c7b185364.jpg,0,0,0,1,0,0,0
n12761284_7395_png_jpg.rf.43f8bf71c7cc355b60e7a72e1a97e5c4.jpg,0,0,0,1,0,0,0
n12761284_7395_png_jpg.rf.66ad3e1c83b42087a1b07f83386bcba7.jpg,0,0,0,1,0,0,0
n12761284_7395_png_jpg.rf.b3b4c760ef0715ce625f29b09b98cee4.jpg,0,0,0,1,0,0,0
n12761284_7410_png_jpg.rf.378be0b4c97f989c8768edfd3734f5e6.jpg,0,0,0,1,0,0,0
n12761284_7410_png_jpg.rf.812ecfd92dfd3ccc73fa42f41c943e90.jpg,0,0,0,1,0,0,0
n12761284_7410_png_jpg.rf.dcf71130eb62a6dd0972dda47683c403.jpg,0,0,0,1,0,0,0
n12761284_7578_png_jpg.rf.377bd94be9fe1b2f64d5b1c8f2e3b0bb.jpg,0,0,0,1,0,0,0
n12761284_7578_png_jpg.rf.4112f2d61b48d25570a82ed54751f708.jpg,0,0,0,1,0,0,0
n12761284_7578_png_jpg.rf.74c8d07b1622a36c630b426cbe37f4f3.jpg,0,0,0,1,0,0,0
n12761284_7580_png_jpg.rf.0a9870b1a96440e78f887ec10e554f5f.jpg,0,0,0,1,0,0,0
n12761284_7580_png_jpg.rf.6a6225a1526f99f56fc1838b754ebf12.jpg,0,0,0,1,0,0,0
n12761284_7580_png_jpg.rf.abda469439fd0557e92f4543a85da6d2.jpg,0,0,0,1,0,0,0
n12761284_7581_png_jpg.rf.1d68aa6c37f79560458d1afa50ce3e68.jpg,0,0,0,1,0,0,0
n12761284_7581_png_jpg.rf.2ec35acfd69cd775ddc790217e68ce08.jpg,0,0,0,1,0,0,0
n12761284_7581_png_jpg.rf.743af091a1bb0b86ceeca8141d495876.jpg,0,0,0,1,0,0,0
n12761284_7685_png_jpg.rf.462e1512479f4328bf7e01aeeb0e2b28.jpg,0,0,0,1,0,0,0
n12761284_7685_png_jpg.rf.62b386a071f65bb7dd8131ba846c2d45.jpg,0,0,0,1,0,0,0
n12761284_7685_png_jpg.rf.d8096e771456159597afe5825fac2486.jpg,0,0,0,1,0,0,0
n12761284_7694_png_jpg.rf.a32d1e2162ae2aa5208bb8fe4fc96437.jpg,0,0,0,1,0,0,0
n12761284_7694_png_jpg.rf.cbe84db75cea745880dccfe3a3b1d321.jpg,0,0,0,1,0,0,0
n12761284_7694_png_jpg.rf.d0d1ceaf0045c77808441e73709455f2.jpg,0,0,0,1,0,0,0
n12761284_7756_png_jpg.rf.5c1816498e5d6994d37307957cf20cd6.jpg,0,0,0,1,0,0,0
n12761284_7756_png_jpg.rf.ba9d500e014efc9dff9db8b2520d3649.jpg,0,0,0,1,0,0,0
n12761284_7756_png_jpg.rf.f6c889277ab113e03685f71b4fc84286.jpg,0,0,0,1,0,0,0
n12761284_7956_png_jpg.rf.4e1bd212bea1d3dc6b288d13cfb2b480.jpg,0,0,0,1,0,0,0
n12761284_7956_png_jpg.rf.787eb948611ade0ad5b0a5e93ed78019.jpg,0,0,0,1,0,0,0
n12761284_7956_png_jpg.rf.9165c55533dda1638aea48bd11d16513.jpg,0,0,0,1,0,0,0
n12761284_8013_png_jpg.rf.355f923cfb2af2d40404552604b7d806.jpg,0,0,0,1,0,0,0
n12761284_8013_png_jpg.rf.36945037c14dae3554826d6aabdf0d51.jpg,0,0,0,1,0,0,0
n12761284_8013_png_jpg.rf.38b0b1a5d239d5924639eb482f039e9c.jpg,0,0,0,1,0,0,0
n12761284_8193_png_jpg.rf.11192fb27fd55a978d57e32f8434466a.jpg,0,0,0,1,0,0,0
n12761284_8193_png_jpg.rf.240c51e050ca6eb6981d8383c986cebf.jpg,0,0,0,1,0,0,0
n12761284_8193_png_jpg.rf.c1bbd64edb7fd6340cce41ccaba5a157.jpg,0,0,0,1,0,0,0
n12761284_8201_png_jpg.rf.13c55a068625c306af3c9d14576454fd.jpg,0,0,0,1,0,0,0
n12761284_8201_png_jpg.rf.1e468f2e1fbe2e8f6275f8eacad05d07.jpg,0,0,0,1,0,0,0
n12761284_8201_png_jpg.rf.677f2f572e7fca122478275248d16f5a.jpg,0,0,0,1,0,0,0
n12761284_8215_png_jpg.rf.54ef1357a6bcc3daff97a3de2b448600.jpg,0,0,0,1,0,0,0
n12761284_8215_png_jpg.rf.5eeeea1268c0fea13928274dc562c270.jpg,0,0,0,1,0,0,0
n12761284_8215_png_jpg.rf.ef00e846466eb799dc0346d446732928.jpg,0,0,0,1,0,0,0
n12761284_8263_png_jpg.rf.26e4c42709ff664c1864ffb9fa153582.jpg,0,0,0,1,0,0,0
n12761284_8263_png_jpg.rf.52b81067dd6da15b7d632e5efcac0af1.jpg,0,0,0,1,0,0,0
n12761284_8263_png_jpg.rf.bc74f283c41676e30c052796206709be.jpg,0,0,0,1,0,0,0
n12761284_8382_png_jpg.rf.25865db5c41a9551614fde89fc381b60.jpg,0,0,0,1,0,0,0
n12761284_8382_png_jpg.rf.65ab75d592b053f78893820328179a68.jpg,0,0,0,1,0,0,0
n12761284_8382_png_jpg.rf.89bc27ca6b076bc70ba044d130c69d90.jpg,0,0,0,1,0,0,0
n12761284_8383_png_jpg.rf.2d0c3f5e5227731fce5128dd59ed1105.jpg,0,0,0,1,0,0,0
n12761284_8383_png_jpg.rf.2d2875acd599f98b2a7de6dda3a1d68a.jpg,0,0,0,1,0,0,0
n12761284_8383_png_jpg.rf.65cc0e7553e563e238f964a4fe6cbc82.jpg,0,0,0,1,0,0,0
n12761284_8410_png_jpg.rf.14c07953790e45895e1f643cb22c3e4c.jpg,0,0,0,1,0,0,0
n12761284_8410_png_jpg.rf.5a080aa3f434c193b3389df01a9b2268.jpg,0,0,0,1,0,0,0
n12761284_8410_png_jpg.rf.b5cc37c01eb27f525e44427998e1ab5c.jpg,0,0,0,1,0,0,0
n12761284_8476_png_jpg.rf.4170a4637f7131ab401bb073eb12e1f6.jpg,0,0,0,1,0,0,0
n12761284_8476_png_jpg.rf.7bc094ebc3180760b749c6a7d1b103ab.jpg,0,0,0,1,0,0,0
n12761284_8476_png_jpg.rf.f2f48e6b138102662aba6a041df583ed.jpg,0,0,0,1,0,0,0
n12761284_8587_png_jpg.rf.111ef7ac98b72e241a4652574d804ea2.jpg,0,0,0,1,0,0,0
n12761284_8587_png_jpg.rf.7816c15c2c7388c7871094c81cf95667.jpg,0,0,0,1,0,0,0
n12761284_8587_png_jpg.rf.c975d85746cad9c35966886672c59055.jpg,0,0,0,1,0,0,0
n12761284_8602_png_jpg.rf.759aff3ace2ef905e5e7c72f6ffb039d.jpg,0,0,0,1,0,0,0
n12761284_8602_png_jpg.rf.9a6da0a054a4b3811e0d6f9df0ae17d1.jpg,0,0,0,1,0,0,0
n12761284_8602_png_jpg.rf.f475e8563814ddc1627a2b7bc2437c00.jpg,0,0,0,1,0,0,0
n12761284_8659_png_jpg.rf.05ec3439bfd450d270bb55aa7e640f77.jpg,0,0,0,1,0,0,0
n12761284_8659_png_jpg.rf.ca2e1af8adf74c49ece4969b796e5e1f.jpg,0,0,0,1,0,0,0
n12761284_8659_png_jpg.rf.ef4c8b699f59fdf648e4c44e4f9e78c3.jpg,0,0,0,1,0,0,0
n12761284_8735_png_jpg.rf.3824cb9e9129d2239dd203b9193a2aab.jpg,0,0,0,1,0,0,0
n12761284_8735_png_jpg.rf.e6cc01f204109a3b9bc38ad1ba005a26.jpg,0,0,0,1,0,0,0
n12761284_8735_png_jpg.rf.fd37c6571c4d68056ea991208b80bdd6.jpg,0,0,0,1,0,0,0
n12761284_8800_png_jpg.rf.5094e61b4cdb81161e2466ceb7aff9af.jpg,0,0,0,1,0,0,0
n12761284_8800_png_jpg.rf.697970b2950178113d2472045fe60b56.jpg,0,0,0,1,0,0,0
n12761284_8800_png_jpg.rf.e4ace1eaa82e5163c741e6563fdf766b.jpg,0,0,0,1,0,0,0
n12761284_9013_png_jpg.rf.2af605085ac093b65e6d4d1c93a8cca8.jpg,0,0,0,1,0,0,0
n12761284_9013_png_jpg.rf.3688653891f586b77626845c40f498ad.jpg,0,0,0,1,0,0,0
n12761284_9013_png_jpg.rf.c68e83e65c41f6f15d72930273677176.jpg,0,0,0,1,0,0,0
n12761284_9099_png_jpg.rf.003810905d5c93bff1694d211b94f2ce.jpg,0,0,0,1,0,0,0
n12761284_9099_png_jpg.rf.a34316b3c012bff0849c9a5c68686f03.jpg,0,0,0,1,0,0,0
n12761284_9099_png_jpg.rf.b347926ecaef42813de997c7e36f1679.jpg,0,0,0,1,0,0,0
n12761284_9135_png_jpg.rf.3a90860b164689ce5f231426d6c9d1fc.jpg,0,0,0,1,0,0,0
n12761284_9135_png_jpg.rf.9554159da03dbe274567482daec96c00.jpg,0,0,0,1,0,0,0
n12761284_9135_png_jpg.rf.a1179024620236de661a387a7495f60f.jpg,0,0,0,1,0,0,0
n12761284_9138_png_jpg.rf.0242028dba4ee3ffab893c2c7bf02ba9.jpg,0,0,0,1,0,0,0
n12761284_9138_png_jpg.rf.0fcd58291489c62c3ece4715ecd8f0b3.jpg,0,0,0,1,0,0,0
n12761284_9138_png_jpg.rf.dd92bd2f573ebfa7c0ba827eb369d95c.jpg,0,0,0,1,0,0,0
n12761284_9245_png_jpg.rf.58c663354039dce5f83d20483cfeb87c.jpg,0,0,0,1,0,0,0
n12761284_9245_png_jpg.rf.5fee45d536aa1e7fabc1369ad07f57f2.jpg,0,0,0,1,0,0,0
n12761284_9245_png_jpg.rf.67aba0d1408abba69f34cb52121e0c7a.jpg,0,0,0,1,0,0,0
n12761284_9265_png_jpg.rf.089629a06f3d0d85f1fd8a6137ca357b.jpg,0,0,0,1,0,0,0
n12761284_9265_png_jpg.rf.46e13ad20862a91571f166b58b345a6d.jpg,0,0,0,1,0,0,0
n12761284_9265_png_jpg.rf.982d18b74f6c74cb2cee8245ff0ae84d.jpg,0,0,0,1,0,0,0
n12761284_9365_png_jpg.rf.50216e730cbd489a9cbc122e5b7e7362.jpg,0,0,0,1,0,0,0
n12761284_9365_png_jpg.rf.a1b4608d012fd06e2ea5da7617ae860b.jpg,0,0,0,1,0,0,0
n12761284_9365_png_jpg.rf.e49f8195e636652925440b2d592e1643.jpg,0,0,0,1,0,0,0
n12761284_9449_png_jpg.rf.6ba2f3e9e3a713d8f311b56280fcf2bc.jpg,0,0,0,1,0,0,0
n12761284_9449_png_jpg.rf.bff8d89b380244df40fb6246cea74577.jpg,0,0,0,1,0,0,0
n12761284_9449_png_jpg.rf.f623fe7005d58b10cb804b85a428dc0e.jpg,0,0,0,1,0,0,0
n12761284_9474_png_jpg.rf.61a47f1c3a51ee1d9b4072c87210dfdb.jpg,0,0,0,1,0,0,0
n12761284_9474_png_jpg.rf.aaf4ac3396303b0eda0efaf0a2ca56cb.jpg,0,0,0,1,0,0,0
n12761284_9474_png_jpg.rf.fbf9be4d264a1ac7c4be936a7a895dfd.jpg,0,0,0,1,0,0,0
n12761284_9555_png_jpg.rf.6cc0baf06a74933ec7db327170ec2afc.jpg,0,0,0,1,0,0,0
n12761284_9555_png_jpg.rf.c7bc29c43c012d2346a04932c174e0aa.jpg,0,0,0,1,0,0,0
n12761284_9555_png_jpg.rf.f8d41967b7a28a6854fbd2da6cc17f27.jpg,0,0,0,1,0,0,0
n12761284_9788_png_jpg.rf.037c91ecf219cf1a0ec96774fa82a594.jpg,0,0,0,1,0,0,0
n12761284_9788_png_jpg.rf.3803f538a9d2f5d4baa5b08f61b796a1.jpg,0,0,0,1,0,0,0
n12761284_9788_png_jpg.rf.aeba6a4bf75f7ace397c4935c9cdd159.jpg,0,0,0,1,0,0,0
n12761284_9960_png_jpg.rf.233700a8a60464242d1616ef7122c9d1.jpg,0,0,0,1,0,0,0
n12761284_9960_png_jpg.rf.5d9f7171b3a973f5cc3a57076274fe4c.jpg,0,0,0,1,0,0,0
n12761284_9960_png_jpg.rf.70e0a629daa6b2bb4c05f9b449c90949.jpg,0,0,0,1,0,0,0
NC-Strawberries_png_jpg.rf.0caa0b2f46897cf18b918adbf15e9575.jpg,0,0,0,0,0,0,1
NC-Strawberries_png_jpg.rf.c08fdd1269e43a39c33f316dbee2076c.jpg,0,0,0,0,0,0,1
NC-Strawberries_png_jpg.rf.de3ab6a0ee308b5136542b712e134758.jpg,0,0,0,0,0,0,1
photo11_png_jpg.rf.4472f994748c2c1487a59f5ccf1c49db.jpg,0,0,0,0,0,1,0
photo11_png_jpg.rf.b22efe4aa00bf48de77721419cf6ebc5.jpg,0,0,0,0,0,1,0
photo11_png_jpg.rf.c7536388732cb1201540d0ff3b5de233.jpg,0,0,0,0,0,1,0
PickYourOwnStrawberries_png_jpg.rf.34b16280f4d6dbcd3c302579e5bcbdfb.jpg,0,0,0,0,0,0,1
PickYourOwnStrawberries_png_jpg.rf.67d4f1e171faff41f03ad7c0c4f81523.jpg,0,0,0,0,0,0,1
PickYourOwnStrawberries_png_jpg.rf.79e4db03c4e854c89861cee76442b995.jpg,0,0,0,0,0,0,1
PinkLady-apple-tree-23_png_jpg.rf.96e14918c5080e8eb1ce1a6d2902fd7a.jpg,1,0,0,0,0,0,0
PinkLady-apple-tree-23_png_jpg.rf.be05a561b44f1c071f72673a4e51f158.jpg,1,0,0,0,0,0,0
PinkLady-apple-tree-23_png_jpg.rf.e49c7eece409ad87caa50f63068121d6.jpg,1,0,0,0,0,0,0
prune_my_wild_apple_trees_png_jpg.rf.6a3ce690a5946deb9d65a12e8cde6c2a.jpg,1,0,0,0,0,0,0
prune_my_wild_apple_trees_png_jpg.rf.901f51684e5ff5e286b5c65f5a2b899f.jpg,1,0,0,0,0,0,0
prune_my_wild_apple_trees_png_jpg.rf.f8663879a87f38bf0e07f328d341e8c1.jpg,1,0,0,0,0,0,0
ranetka_ermolaeva_png_jpg.rf.1c185df251f6076f369914805d432d74.jpg,1,0,0,0,0,0,0
ranetka_ermolaeva_png_jpg.rf.4cac6a11b2f0cc3287a809349931b6eb.jpg,1,0,0,0,0,0,0
ranetka_ermolaeva_png_jpg.rf.cb6289d97384507093d023e630553b06.jpg,1,0,0,0,0,0,0
SpringStrawberries_png_jpg.rf.52eeb6a69d41bef712d5189eb6307652.jpg,0,0,0,0,0,0,1
SpringStrawberries_png_jpg.rf.819e3620ea5c41c31f727fbf529d0a4a.jpg,0,0,0,0,0,0,1
SpringStrawberries_png_jpg.rf.e41df5abaf8ed713c56aed6d56e4ce9e.jpg,0,0,0,0,0,0,1
Stanthorpe1_test_20150319T1636_pic000224_png_jpg.rf.ab943bce11666713a9becb88d147d882.jpg,0,0,1,0,0,0,0
Stanthorpe1_test_20150319T1636_pic000224_png_jpg.rf.fa97bd106856850b0c6da7263da91f9b.jpg,0,0,1,0,0,0,0
Stanthorpe1_test_20150319T1636_pic000224_png_jpg.rf.fe613ff7aa1a7888720bae95ea8e8eb3.jpg,0,0,1,0,0,0,0
Stanthorpe1_test_20150319T1636_pic000323_png_jpg.rf.2c79d0c05a8355806c45b66762e3863b.jpg,0,0,1,0,0,0,0
Stanthorpe1_test_20150319T1636_pic000323_png_jpg.rf.c5b6c55968370d063c2e06a0b7c4b0ec.jpg,0,0,1,0,0,0,0
Stanthorpe1_test_20150319T1636_pic000323_png_jpg.rf.cecc077efa70a19f77a857bad81bd579.jpg,0,0,1,0,0,0,0
Stanthorpe1_test_20150319T1831_pic000078_png_jpg.rf.51b047dc4b7e4d16e6a85cb6e0d59725.jpg,0,0,1,0,0,0,0
Stanthorpe1_test_20150319T1831_pic000078_png_jpg.rf.712daf6a0d64093a59ac541953f1c01c.jpg,0,0,1,0,0,0,0
Stanthorpe1_test_20150319T1831_pic000078_png_jpg.rf.cb7de7e483ca7dddacb8a11a81cadf4c.jpg,0,0,1,0,0,0,0
Stanthorpe1_test_20150319T1831_pic000099_png_jpg.rf.03ff958d0f4cd597292f732ab8044de6.jpg,0,0,1,0,0,0,0
Stanthorpe1_test_20150319T1831_pic000099_png_jpg.rf.2ec97ae5d2d61a9075457f6b1e73ca8b.jpg,0,0,1,0,0,0,0
Stanthorpe1_test_20150319T1831_pic000099_png_jpg.rf.7424f97d458d8c8a560e336d3f4d0ef9.jpg,0,0,1,0,0,0,0
Stanthorpe1_test_20150319T1831_pic000262_png_jpg.rf.1a64d11a0023892e14b08b1fc07561fd.jpg,0,0,1,0,0,0,0
Stanthorpe1_test_20150319T1831_pic000262_png_jpg.rf.1d94a4244f28dca86c773813db9b6ce6.jpg,0,0,1,0,0,0,0
Stanthorpe1_test_20150319T1831_pic000262_png_jpg.rf.d6dcc3071a8f088419d1670895cb62c0.jpg,0,0,1,0,0,0,0
Stanthorpe1_test_20150319T1842_pic000552_png_jpg.rf.124594462be0538baa7c95f0b2d46d5b.jpg,0,0,1,0,0,0,0
Stanthorpe1_test_20150319T1842_pic000552_png_jpg.rf.7f4fd94434dda3e2f9839b00a4805fd4.jpg,0,0,1,0,0,0,0
Stanthorpe1_test_20150319T1842_pic000552_png_jpg.rf.84218bc03122df4f5ba5ab3fe8fdf103.jpg,0,0,1,0,0,0,0
Stanthorpe1_test_20150319T1842_pic000592_png_jpg.rf.0c44eb019941572f10fa27ae55b8d776.jpg,0,0,1,0,0,0,0
Stanthorpe1_test_20150319T1842_pic000592_png_jpg.rf.26477850aac2214d369d785ae9cfe318.jpg,0,0,1,0,0,0,0
Stanthorpe1_test_20150319T1842_pic000592_png_jpg.rf.f3a4495cf36510fc8b72142b6e07bfcb.jpg,0,0,1,0,0,0,0
Stanthorpe1_test_20150319T1842_pic000653_png_jpg.rf.a27cbf8f6861962e6dac41a958cb0776.jpg,0,0,1,0,0,0,0
Stanthorpe1_test_20150319T1842_pic000653_png_jpg.rf.b095392f285b9bbe3644f6f2fd922b9d.jpg,0,0,1,0,0,0,0
Stanthorpe1_test_20150319T1842_pic000653_png_jpg.rf.fe139440f6b341b1ed750855c6760827.jpg,0,0,1,0,0,0,0
Stanthorpe1_train_20150319T1634_pic000133_png_jpg.rf.17538ed4e261dd83a93420c01ad62932.jpg,0,0,1,0,0,0,0
Stanthorpe1_train_20150319T1634_pic000133_png_jpg.rf.8a25c3614a4a27b250ed2c02a83e58d7.jpg,0,0,1,0,0,0,0
Stanthorpe1_train_20150319T1634_pic000133_png_jpg.rf.c117f3205754c97075aeeecd877edbbb.jpg,0,0,1,0,0,0,0
Stanthorpe1_train_20150319T1824_pic000465_png_jpg.rf.2b3209ca88f5fdb89758598f08d51b81.jpg,0,0,1,0,0,0,0
Stanthorpe1_train_20150319T1824_pic000465_png_jpg.rf.2ec4f6d9ab1babc3a28ac109faeb94f1.jpg,0,0,1,0,0,0,0
Stanthorpe1_train_20150319T1824_pic000465_png_jpg.rf.bc3ce0895eda4357af56e1058e20342e.jpg,0,0,1,0,0,0,0
Stanthorpe1_train_20150319T1824_pic000529_png_jpg.rf.05bdf3b731fba515b236c462167ba900.jpg,0,0,1,0,0,0,0
Stanthorpe1_train_20150319T1824_pic000529_png_jpg.rf.a9a701aced6e19cbb7443205008f6bd6.jpg,0,0,1,0,0,0,0
Stanthorpe1_train_20150319T1824_pic000529_png_jpg.rf.c15ac2298f04e0f2e92ea09541e8d445.jpg,0,0,1,0,0,0,0
Stanthorpe1_train_20150319T1834_pic000633_png_jpg.rf.6e9de092cc5e82b979ba173b04450e10.jpg,0,0,1,0,0,0,0
Stanthorpe1_train_20150319T1834_pic000633_png_jpg.rf.937eac05334bc135d24ebd38d1ed88c3.jpg,0,0,1,0,0,0,0
Stanthorpe1_train_20150319T1834_pic000633_png_jpg.rf.9d1f24205ec0e305a5abb6997e76c706.jpg,0,0,1,0,0,0,0
Stanthorpe1_train_20150319T1834_pic000747_png_jpg.rf.b88e2ba8c4d4e640b0633ccd7bb20b89.jpg,0,0,1,0,0,0,0
Stanthorpe1_train_20150319T1834_pic000747_png_jpg.rf.c1945787ae5e64a9de63f5f50ca19061.jpg,0,0,1,0,0,0,0
Stanthorpe1_train_20150319T1834_pic000747_png_jpg.rf.ed8ede31b4f2aee5bdbd94a56f7c613b.jpg,0,0,1,0,0,0,0
Stanthorpe1_valid_20150319T1821_pic000507_png_jpg.rf.706cb028a555c321834ea97bda48c496.jpg,0,0,1,0,0,0,0
Stanthorpe1_valid_20150319T1821_pic000507_png_jpg.rf.755ebead2deb033d5473e46fb4930113.jpg,0,0,1,0,0,0,0
Stanthorpe1_valid_20150319T1821_pic000507_png_jpg.rf.8fc60e295e4cd5260d6cdd54a047a043.jpg,0,0,1,0,0,0,0
Stanthorpe1_valid_20150319T1821_pic000559_png_jpg.rf.0a7415a3121754e1794ab182591ef7a6.jpg,0,0,1,0,0,0,0
Stanthorpe1_valid_20150319T1821_pic000559_png_jpg.rf.a193e78b701e61b8da4786662941eafe.jpg,0,0,1,0,0,0,0
Stanthorpe1_valid_20150319T1821_pic000559_png_jpg.rf.b3abcd298bde2f1f967ec95b5e3113be.jpg,0,0,1,0,0,0,0
Stanthorpe1_valid_20150319T1838_pic000108_png_jpg.rf.02b3c3413d1a0eed76c140dad149744c.jpg,0,0,1,0,0,0,0
Stanthorpe1_valid_20150319T1838_pic000108_png_jpg.rf.67030f402bb9fcd83f3f99609518dfc2.jpg,0,0,1,0,0,0,0
Stanthorpe1_valid_20150319T1838_pic000108_png_jpg.rf.cec6e5b2c916f5389b50171bedc3bcc6.jpg,0,0,1,0,0,0,0
Stanthorpe1_valid_20150319T1838_pic000308_png_jpg.rf.4ba470488ca234b9f7e4e18ac9db0475.jpg,0,0,1,0,0,0,0
Stanthorpe1_valid_20150319T1838_pic000308_png_jpg.rf.4dc237d171b9a197f06d55978515617b.jpg,0,0,1,0,0,0,0
Stanthorpe1_valid_20150319T1838_pic000308_png_jpg.rf.dad7f42a506f7d4a884a2fddbbd08808.jpg,0,0,1,0,0,0,0
Stanthorpe2_test_20150416T1850_RGB_pic000121_png_jpg.rf.8b8e15850e1f06c6a5db9ff8ee06e365.jpg,0,0,1,0,0,0,0
Stanthorpe2_test_20150416T1850_RGB_pic000121_png_jpg.rf.adde78e81867a9a0970b799c0c63b147.jpg,0,0,1,0,0,0,0
Stanthorpe2_test_20150416T1850_RGB_pic000121_png_jpg.rf.db38d59cac46cbe69b3879a18e15cb26.jpg,0,0,1,0,0,0,0
Stanthorpe2_test_20150416T1850_RGB_pic000128_png_jpg.rf.4846083499607860c48f072b1cc708cc.jpg,0,0,1,0,0,0,0
Stanthorpe2_test_20150416T1850_RGB_pic000128_png_jpg.rf.c536b32dca4e78a09c17c0a54973abc2.jpg,0,0,1,0,0,0,0
Stanthorpe2_test_20150416T1850_RGB_pic000128_png_jpg.rf.d0bb7847997b9d5329a6ade45d226117.jpg,0,0,1,0,0,0,0
Stanthorpe2_test_20150416T1850_RGB_pic000138_png_jpg.rf.18feadc86a92eb0eee4a36882e81bd64.jpg,0,0,1,0,0,0,0
Stanthorpe2_test_20150416T1850_RGB_pic000138_png_jpg.rf.906de66e88342e48b3b7ce53472a3fb9.jpg,0,0,1,0,0,0,0
Stanthorpe2_test_20150416T1850_RGB_pic000138_png_jpg.rf.e01e112e9a9ce320482184f72d739a14.jpg,0,0,1,0,0,0,0
Stanthorpe2_test_20150416T1942_RGB_pic000056_png_jpg.rf.289e130b4e8d3ab58f23011ef299ee68.jpg,0,0,1,0,0,0,0
Stanthorpe2_test_20150416T1942_RGB_pic000056_png_jpg.rf.5e08ddbff2d8012086a7b1a7ffaa24af.jpg,0,0,1,0,0,0,0
Stanthorpe2_test_20150416T1942_RGB_pic000056_png_jpg.rf.6189b56f4e40fd017c1d572e73ad932c.jpg,0,0,1,0,0,0,0
Stanthorpe2_test_20150416T1942_RGB_pic000187_png_jpg.rf.4ffb53bacba6a90f2cd0a3e9126c0c27.jpg,0,0,1,0,0,0,0
Stanthorpe2_test_20150416T1942_RGB_pic000187_png_jpg.rf.5a696479009064c4bd227a48342db7e6.jpg,0,0,1,0,0,0,0
Stanthorpe2_test_20150416T1942_RGB_pic000187_png_jpg.rf.d154a5b7ab23d6ea433deb03a46adff6.jpg,0,0,1,0,0,0,0
Stanthorpe2_test_20150416T2007_RGB_pic000035_png_jpg.rf.706a75fac2db7fbd2b28955e1e29c238.jpg,0,0,1,0,0,0,0
Stanthorpe2_test_20150416T2007_RGB_pic000035_png_jpg.rf.86958a5c8987ba5e4ceaab47ddd520c3.jpg,0,0,1,0,0,0,0
Stanthorpe2_test_20150416T2007_RGB_pic000035_png_jpg.rf.f8af7805fbb4a1e34881fe08413c6d52.jpg,0,0,1,0,0,0,0
Stanthorpe2_train_20150416T1917_RGB_pic000980_png_jpg.rf.2709bc21c833d3bf7fe98735effdb9f2.jpg,0,0,1,0,0,0,0
Stanthorpe2_train_20150416T1917_RGB_pic000980_png_jpg.rf.375e8763eb1818efc1565305e8e88f87.jpg,0,0,1,0,0,0,0
Stanthorpe2_train_20150416T1917_RGB_pic000980_png_jpg.rf.9ab90d7bcba0c45ed372e22776c6178d.jpg,0,0,1,0,0,0,0
Stanthorpe2_train_20150416T1917_RGB_pic001160_png_jpg.rf.2ae48cbd43c05462792a629f254a599f.jpg,0,0,1,0,0,0,0
Stanthorpe2_train_20150416T1917_RGB_pic001160_png_jpg.rf.5c6ad8172f389fb06f113aa904d2ebd2.jpg,0,0,1,0,0,0,0
Stanthorpe2_train_20150416T1917_RGB_pic001160_png_jpg.rf.81557b2066d7d6036de6ccee501f1993.jpg,0,0,1,0,0,0,0
Stanthorpe2_train_20150416T1917_RGB_pic001278_png_jpg.rf.64d17086bddddb28f38a2ac2ad480fb0.jpg,0,0,1,0,0,0,0
Stanthorpe2_train_20150416T1917_RGB_pic001278_png_jpg.rf.7e95f79abdaea5146362729f3d3523cd.jpg,0,0,1,0,0,0,0
Stanthorpe2_train_20150416T1917_RGB_pic001278_png_jpg.rf.ac44f1aa35a516e68d5f2a884e4da334.jpg,0,0,1,0,0,0,0
Stanthorpe2_train_20150416T2016_RGB_pic000055_png_jpg.rf.83b9203cc8543178c8c59e1430441764.jpg,0,0,1,0,0,0,0
Stanthorpe2_train_20150416T2016_RGB_pic000055_png_jpg.rf.ab4f3731675b7ad2336f8696bfad283c.jpg,0,0,1,0,0,0,0
Stanthorpe2_train_20150416T2016_RGB_pic000055_png_jpg.rf.bf642f3a2c996dbea9b43b9683ab318c.jpg,0,0,1,0,0,0,0
Stanthorpe2_valid_20150416T1900_RGB_pic000218_png_jpg.rf.015df88092f4d4d770f2c82ee9373cb4.jpg,0,0,1,0,0,0,0
Stanthorpe2_valid_20150416T1900_RGB_pic000218_png_jpg.rf.0bdacc9f0526c664dd3ed988720a862b.jpg,0,0,1,0,0,0,0
Stanthorpe2_valid_20150416T1900_RGB_pic000218_png_jpg.rf.7b69e447fee3dcb92f6ec565ca0fed15.jpg,0,0,1,0,0,0,0
Stanthorpe2_valid_20150416T1900_RGB_pic000283_png_jpg.rf.1569dbf14d8bd53141faf3e3bc47f4a0.jpg,0,0,1,0,0,0,0
Stanthorpe2_valid_20150416T1900_RGB_pic000283_png_jpg.rf.82ceef662d9f0b10c672966d5dc1bf74.jpg,0,0,1,0,0,0,0
Stanthorpe2_valid_20150416T1900_RGB_pic000283_png_jpg.rf.bb72dd6c340af8e9738e5afa98a158a8.jpg,0,0,1,0,0,0,0
Stanthorpe2_valid_20150416T2050_RGB_pic000349_png_jpg.rf.0c0565cd97577b48fe5da2e1418e495e.jpg,0,0,1,0,0,0,0
Stanthorpe2_valid_20150416T2050_RGB_pic000349_png_jpg.rf.7a97a1006cc5e2d091cf38627c703375.jpg,0,0,1,0,0,0,0
Stanthorpe2_valid_20150416T2050_RGB_pic000349_png_jpg.rf.bdb047fbefabf703240b9454cde68a08.jpg,0,0,1,0,0,0,0
Stanthorpe2_valid_20150416T2050_RGB_pic000382_png_jpg.rf.af816d780a5c64031d99fa41bd281652.jpg,0,0,1,0,0,0,0
Stanthorpe2_valid_20150416T2050_RGB_pic000382_png_jpg.rf.de3a5bb13e48086fc3d48e6de500cefc.jpg,0,0,1,0,0,0,0
Stanthorpe2_valid_20150416T2050_RGB_pic000382_png_jpg.rf.f284dc5d637a3b1febd296769ac7aaa3.jpg,0,0,1,0,0,0,0
static1_png_jpg.rf.09d248757cb9d6d36136fb1129613f26.jpg,1,0,0,0,0,0,0
static1_png_jpg.rf.84a93c6ddfefdb22657cf218b7cd149a.jpg,1,0,0,0,0,0,0
static1_png_jpg.rf.ca979002ad7adfa7301731f9fc47ec8c.jpg,1,0,0,0,0,0,0
stockvault-green-apples100101_png_jpg.rf.277877967b80f96ab73cf635422452f6.jpg,1,0,0,0,0,0,0
stockvault-green-apples100101_png_jpg.rf.a81fa1131c63f2b519d094c4cda616f8.jpg,1,0,0,0,0,0,0
stockvault-green-apples100101_png_jpg.rf.ee3e858c64d92114b8d5dc2244484a1d.jpg,1,0,0,0,0,0,0
strawberries-1_png_jpg.rf.399f71568473cd7b70e2af080050701f.jpg,0,0,0,0,0,0,1
strawberries-1_png_jpg.rf.422391cf8de030b2029c88955cda36a1.jpg,0,0,0,0,0,0,1
strawberries-1_png_jpg.rf.6ccdf3b283b62dba76ad345994fe5590.jpg,0,0,0,0,0,0,1
strawberries-rd-1024x768_png_jpg.rf.6f6c703544e7c6b44389c14dd403572a.jpg,0,0,0,0,0,0,1
strawberries-rd-1024x768_png_jpg.rf.9ddd447d0cfe6819c4133ab8ba2a153c.jpg,0,0,0,0,0,0,1
strawberries-rd-1024x768_png_jpg.rf.f65c920fa3304d18188bde9acb7485d0.jpg,0,0,0,0,0,0,1
strawberries_png_jpg.rf.04f5a84eeff53ddaeaf15e804d949aef.jpg,0,0,0,0,0,0,1
strawberries_png_jpg.rf.05c0c90c5c71bae1c31a17fafdd5219d.jpg,0,0,0,0,0,0,1
strawberries_png_jpg.rf.e472014505bf8ef8f53b46012e5a1654.jpg,0,0,0,0,0,0,1
Strawberry-Close-up_png_jpg.rf.14f495f42dbc1503b2ed47209f9c0641.jpg,0,0,0,0,0,0,1
Strawberry-Close-up_png_jpg.rf.6685d9683e4cbaab2215e101248150c7.jpg,0,0,0,0,0,0,1
Strawberry-Close-up_png_jpg.rf.920e97fcc98903220036d5dd62f60511.jpg,0,0,0,0,0,0,1
strawberry-picking-at_png_jpg.rf.343de77e225f7fc18332bcec48739f81.jpg,0,0,0,0,0,0,1
strawberry-picking-at_png_jpg.rf.a0ded621c8c515ba30b49bb97290589e.jpg,0,0,0,0,0,0,1
strawberry-picking-at_png_jpg.rf.b499b163102c0e61c86ca3fe9dec5993.jpg,0,0,0,0,0,0,1
strawberry_-014_01_zoom_png_jpg.rf.05f6093e25b52bde0b1ddeb00f4c5362.jpg,0,0,0,0,0,0,1
strawberry_-014_01_zoom_png_jpg.rf.3e68da7bca60ec5d0492e3ae7fe2ce34.jpg,0,0,0,0,0,0,1
strawberry_-014_01_zoom_png_jpg.rf.b9d371a52aaf3ed1a0cca6c904e67ee9.jpg,0,0,0,0,0,0,1
the-apple-tree-thumb_png_jpg.rf.510ca7af7efd4fddb33bd605624fde68.jpg,1,0,0,0,0,0,0
the-apple-tree-thumb_png_jpg.rf.893c3014deaa5b2ed517d7bf3aaa0eae.jpg,1,0,0,0,0,0,0
the-apple-tree-thumb_png_jpg.rf.928c96952db0437cfa9f90a8cc72f08b.jpg,1,0,0,0,0,0,0
urban-apple-tree_png_jpg.rf.1222c73c018b0b7a674827b92f64c4dc.jpg,1,0,0,0,0,0,0
urban-apple-tree_png_jpg.rf.3204cc54a5df465885b4952b53ff8c2b.jpg,1,0,0,0,0,0,0
urban-apple-tree_png_jpg.rf.f10c24aef05bcc380d76a198c083a567.jpg,1,0,0,0,0,0,0
VinhHo-TanManChuyenDiMinnesota-35_png_jpg.rf.6f066e3f1e066056daaf0692e5d5d835.jpg,1,0,0,0,0,0,0
VinhHo-TanManChuyenDiMinnesota-35_png_jpg.rf.86ace359f11723674371242187bad6be.jpg,1,0,0,0,0,0,0
VinhHo-TanManChuyenDiMinnesota-35_png_jpg.rf.fe9ccdee4befe309e684d3c50d857f4f.jpg,1,0,0,0,0,0,0
Winesap-Apple-Tree-450w_png_jpg.rf.4cbc77b86c5b33b792672e41bc386757.jpg,1,0,0,0,0,0,0
Winesap-Apple-Tree-450w_png_jpg.rf.51250d8be13ac4fd22415e4ce6bff19f.jpg,1,0,0,0,0,0,0
Winesap-Apple-Tree-450w_png_jpg.rf.8d58e1eb0792d3cf57519c35931dffe5.jpg,1,0,0,0,0,0,0
